t,fl_hip,fl_thigh,fl_crank,fr_hip,fr_thigh,fr_crank,rl_hip,rl_thigh,rl_crank,rr_hip,rr_thigh,rr_crank
0.000000000000000000e+00,-0.000000000000000000e+00,1.681974447777837001e-01,2.058218286351999049e-01,-0.000000000000000000e+00,2.329797527419670278e-01,1.872632675769037580e-01,0.000000000000000000e+00,-2.329797527419667780e-01,-1.872632675769033694e-01,0.000000000000000000e+00,-1.681974447777837833e-01,-2.058218286352002935e-01
1.666666666666666774e-03,-0.000000000000000000e+00,1.650782445889319994e-01,2.034305763230766506e-01,-0.000000000000000000e+00,2.350648488966906591e-01,1.898649620814434336e-01,0.000000000000000000e+00,-2.350648488966944061e-01,-1.898649620814555350e-01,0.000000000000000000e+00,-1.650782445889268368e-01,-2.034305763230755404e-01
3.333333333333333547e-03,-0.000000000000000000e+00,1.619631362609225411e-01,2.010346088395611186e-01,-0.000000000000000000e+00,2.371434173817287550e-01,1.922386805141613753e-01,0.000000000000000000e+00,-2.371434173817308089e-01,-1.922386805141706456e-01,0.000000000000000000e+00,-1.619631362609177949e-01,-2.010346088395545960e-01
5.000000000000000104e-03,-0.000000000000000000e+00,1.588521553997495617e-01,1.986339531640573253e-01,-0.000000000000000000e+00,2.392198390858825685e-01,1.943882792306465546e-01,0.000000000000000000e+00,-2.392198390858874257e-01,-1.943882792306462770e-01,0.000000000000000000e+00,-1.588521553997531421e-01,-1.986339531640629041e-01
6.666666666666667095e-03,-0.000000000000000000e+00,1.557453377865523902e-01,1.962286365305452307e-01,-0.000000000000000000e+00,2.412978690777193291e-01,1.963175045407044295e-01,0.000000000000000000e+00,-2.412978690777193846e-01,-1.963175045407014874e-01,0.000000000000000000e+00,-1.557453377865543886e-01,-1.962286365305502267e-01
8.333333333333333218e-03,-0.000000000000000000e+00,1.526427193665464699e-01,1.938186864216042138e-01,-0.000000000000000000e+00,2.433806487199102475e-01,1.980299942430584770e-01,0.000000000000000000e+00,-2.433806487199094426e-01,-1.980299942430589766e-01,0.000000000000000000e+00,-1.526427193665517157e-01,-1.938186864215954985e-01
1.000000000000000021e-02,-0.000000000000000000e+00,1.495443362458549197e-01,1.914041305660495740e-01,-0.000000000000000000e+00,2.454707185695411409e-01,1.995292795693341392e-01,0.000000000000000000e+00,-2.454707185695430005e-01,-1.995292795693333898e-01,0.000000000000000000e+00,-1.495443362458613590e-01,-1.914041305660573178e-01
1.166666666666666720e-02,-0.000000000000000000e+00,1.464502246883098435e-01,1.889849969366356186e-01,-0.000000000000000000e+00,2.475700320269735022e-01,2.008187874891043390e-01,0.000000000000000000e+00,-2.475700320269740018e-01,-2.008187874891027291e-01,0.000000000000000000e+00,-1.464502246883067071e-01,-1.889849969366405313e-01
1.333333333333333419e-02,-0.000000000000000000e+00,1.433604211122452288e-01,1.865613137475397587e-01,-0.000000000000000000e+00,2.496799696963817872e-01,2.019018433356340458e-01,0.000000000000000000e+00,-2.496799696963818982e-01,-2.019018433356365994e-01,0.000000000000000000e+00,-1.433604211122422867e-01,-1.865613137475450600e-01
1.500000000000000118e-02,-0.000000000000000000e+00,1.402749620872604797e-01,1.841331094520107514e-01,-0.000000000000000000e+00,2.518013544195700781e-01,2.027816737133952552e-01,0.000000000000000000e+00,-2.518013544195681908e-01,-2.027816737133947556e-01,0.000000000000000000e+00,-1.402749620872640324e-01,-1.841331094520111400e-01
1.666666666666666644e-02,-0.000000000000000000e+00,1.371938843309899458e-01,1.817004127398856861e-01,-0.000000000000000000e+00,2.539344669434195900e-01,2.034614096498385538e-01,0.000000000000000000e+00,-2.539344669434204782e-01,-2.034614096498381375e-01,0.000000000000000000e+00,-1.371938843309891132e-01,-1.817004127398825497e-01
1.833333333333333343e-02,-0.000000000000000000e+00,1.341172247057484113e-01,1.792632525350888184e-01,-0.000000000000000000e+00,2.560790621800824174e-01,2.039440899555737541e-01,0.000000000000000000e+00,-2.560790621800833056e-01,-2.039440899555704234e-01,0.000000000000000000e+00,-1.341172247057475786e-01,-1.792632525350985884e-01
2.000000000000000042e-02,-0.000000000000000000e+00,1.310450202153260191e-01,1.768216579931969901e-01,-0.000000000000000000e+00,2.582343860181604556e-01,2.042326647589053079e-01,0.000000000000000000e+00,-2.582343860181626205e-01,-2.042326647589040312e-01,0.000000000000000000e+00,-1.310450202153293775e-01,-1.768216579932025412e-01
2.166666666666666741e-02,-0.000000000000000000e+00,1.279773080015888520e-01,1.743756584988210845e-01,-0.000000000000000000e+00,2.603991926426373893e-01,2.043299991830294371e-01,0.000000000000000000e+00,-2.603991926426363346e-01,-2.043299991830311857e-01,0.000000000000000000e+00,-1.279773080015892128e-01,-1.743756584988266078e-01
2.333333333333333440e-02,-0.000000000000000000e+00,1.249141253411821390e-01,1.719252836630849324e-01,-0.000000000000000000e+00,2.625717623212289742e-01,2.042388771367499856e-01,0.000000000000000000e+00,-2.625717623212258656e-01,-2.042388771367498468e-01,0.000000000000000000e+00,-1.249141253411820973e-01,-1.719252836630854042e-01
2.500000000000000139e-02,-0.000000000000000000e+00,1.218555096421463924e-01,1.694705633210600026e-01,-0.000000000000000000e+00,2.647499196153823009e-01,2.039620051926511468e-01,0.000000000000000000e+00,-2.647499196153813572e-01,-2.039620051926482602e-01,0.000000000000000000e+00,-1.218555096421504169e-01,-1.694705633210632778e-01
2.666666666666666838e-02,-0.000000000000000000e+00,1.188014984405358493e-01,1.670115275291320922e-01,-0.000000000000000000e+00,2.669310519751345590e-01,2.035020165302106609e-01,0.000000000000000000e+00,-2.669310519751340594e-01,-2.035020165302116324e-01,0.000000000000000000e+00,-1.188014984405359464e-01,-1.670115275291376433e-01
2.833333333333333537e-02,-0.000000000000000000e+00,1.157521293970332626e-01,1.645482065623763979e-01,-0.000000000000000000e+00,2.691121286786061217e-01,2.028614749251314853e-01,0.000000000000000000e+00,-2.691121286786042344e-01,-2.028614749251340943e-01,0.000000000000000000e+00,-1.157521293970349002e-01,-1.645482065623828927e-01
3.000000000000000236e-02,-0.000000000000000000e+00,1.127074402935039632e-01,1.620806309119162958e-01,-0.000000000000000000e+00,2.712897200791071772e-01,2.020428787703182627e-01,0.000000000000000000e+00,-2.712897200791081764e-01,-2.020428787703198448e-01,0.000000000000000000e+00,-1.127074402935026448e-01,-1.620806309119263711e-01
3.166666666666666935e-02,-0.000000000000000000e+00,1.096674690295835475e-01,1.596088312822166178e-01,-0.000000000000000000e+00,2.734600171254359391e-01,2.010486651185558193e-01,0.000000000000000000e+00,-2.734600171254339962e-01,-2.010486651185538209e-01,0.000000000000000000e+00,-1.096674690295782878e-01,-1.596088312822154243e-01
3.333333333333333287e-02,-0.000000000000000000e+00,1.066322536191971898e-01,1.571328385883771495e-01,-0.000000000000000000e+00,2.756188511239982541e-01,1.998812137414615053e-01,0.000000000000000000e+00,-2.756188511239962002e-01,-1.998812137414585077e-01,0.000000000000000000e+00,-1.066322536191943865e-01,-1.571328385883860590e-01
3.500000000000000333e-02,-0.000000000000000000e+00,1.036018321871042674e-01,1.546526839534579645e-01,-0.000000000000000000e+00,2.777617137150272808e-01,1.985428512040787463e-01,0.000000000000000000e+00,-2.777617137150260040e-01,-1.985428512040706694e-01,0.000000000000000000e+00,-1.036018321871043091e-01,-1.546526839534493325e-01
3.666666666666666685e-02,-0.000000000000000000e+00,1.005762429654033230e-01,1.521683987056296206e-01,-0.000000000000000000e+00,2.798837770388338808e-01,1.970358549592642894e-01,0.000000000000000000e+00,-2.798837770388352131e-01,-1.970358549592706454e-01,0.000000000000000000e+00,-1.005762429653990070e-01,-1.521683987056375309e-01
3.833333333333333731e-02,-0.000000000000000000e+00,9.755552429001808357e-02,1.496800143755298296e-01,-0.000000000000000000e+00,2.819799140722463182e-01,1.953624574706777917e-01,0.000000000000000000e+00,-2.819799140722507036e-01,-1.953624574706794292e-01,0.000000000000000000e+00,-9.755552429001311532e-02,-1.496800143755343815e-01
4.000000000000000083e-02,-0.000000000000000000e+00,9.453971459717601389e-02,1.471875626933329406e-01,-0.000000000000000000e+00,2.840447191195131782e-01,1.935248503774583961e-01,0.000000000000000000e+00,-2.840447191195035193e-01,-1.935248503774571749e-01,0.000000000000000000e+00,-9.453971459717967762e-02,-1.471875626933366876e-01
4.166666666666667129e-02,-0.000000000000000000e+00,9.152885241988951981e-02,1.446910755860034148e-01,-0.000000000000000000e+00,2.860725284462619089e-01,1.915251887181250168e-01,0.000000000000000000e+00,-2.860725284462747320e-01,-1.915251887181199097e-01,0.000000000000000000e+00,-9.152885241989283660e-02,-1.446910755860032760e-01
4.333333333333333481e-02,-0.000000000000000000e+00,8.852297638437951754e-02,1.421905851744496296e-01,-0.000000000000000000e+00,2.880574410493528248e-01,1.893655952345844329e-01,0.000000000000000000e+00,-2.880574410493547677e-01,-1.893655952345985327e-01,0.000000000000000000e+00,-8.852297638437876814e-02,-1.421905851744456328e-01
4.500000000000000527e-02,-0.000000000000000000e+00,8.552212520650788463e-02,1.396861237706203962e-01,-0.000000000000000000e+00,2.899933395594144758e-01,1.870481647807736847e-01,0.000000000000000000e+00,-2.899933395594092578e-01,-1.870481647807749614e-01,0.000000000000000000e+00,-8.552212520651635008e-02,-1.396861237706205072e-01
4.666666666666666879e-02,-0.000000000000000000e+00,8.252633768823247618e-02,1.371777238746650918e-01,-0.000000000000000000e+00,2.918739112768785615e-01,1.845749688624893081e-01,0.000000000000000000e+00,-2.918739112768873878e-01,-1.845749688625041296e-01,0.000000000000000000e+00,-8.252633768823026961e-02,-1.371777238746656746e-01
4.833333333333333925e-02,-0.000000000000000000e+00,7.953565271395943159e-02,1.346654181720033927e-01,-0.000000000000000000e+00,2.936926693454985360e-01,1.819480603378443584e-01,0.000000000000000000e+00,-2.936926693455008675e-01,-1.819480603378316741e-01,0.000000000000000000e+00,-7.953565271395542091e-02,-1.346654181720087218e-01
5.000000000000000278e-02,-0.000000000000000000e+00,7.655010924699127972e-02,1.321492395303976719e-01,-0.000000000000000000e+00,2.954429740706543961e-01,1.791694783080062525e-01,0.000000000000000000e+00,-2.954429740706386864e-01,-1.791694783080036990e-01,0.000000000000000000e+00,-7.655010924699372221e-02,-1.321492395303996981e-01
5.166666666666667324e-02,-0.000000000000000000e+00,7.356974632588754448e-02,1.296292209969992504e-01,-0.000000000000000000e+00,2.971180543917807393e-01,1.762412532293333722e-01,0.000000000000000000e+00,-2.971180543917759098e-01,-1.762412532293262113e-01,0.000000000000000000e+00,-7.356974632587869045e-02,-1.296292209969899523e-01
5.333333333333333676e-02,-0.000000000000000000e+00,7.059460306081501157e-02,1.271053957953780511e-01,-0.000000000000000000e+00,2.987110295207469624e-01,1.731654122769672177e-01,0.000000000000000000e+00,-2.987110295207643929e-01,-1.731654122770181770e-01,0.000000000000000000e+00,-7.059460306081086212e-02,-1.271053957953798275e-01
5.500000000000000028e-02,-0.000000000000000000e+00,6.762471862995132754e-02,1.245777973225604546e-01,-0.000000000000000000e+00,3.002149307581620796e-01,1.699439849893998322e-01,2.220446049250313081e-16,-3.002149307581577498e-01,-1.699439849893472632e-01,0.000000000000000000e+00,-6.762471862995333982e-02,-1.245777973225607460e-01
5.666666666666667074e-02,-0.000000000000000000e+00,6.466013227581007827e-02,1.220464591459954895e-01,-2.220446049250313081e-16,3.016227235007167828e-01,1.665790092202398542e-01,0.000000000000000000e+00,-3.016227235007128415e-01,-1.665790092202070194e-01,0.000000000000000000e+00,-6.466013227581769718e-02,-1.220464591460020815e-01
5.833333333333333426e-02,-0.000000000000000000e+00,6.170088330160720252e-02,1.195114150005287812e-01,-0.000000000000000000e+00,3.029273294517673687e-01,1.630725374229543279e-01,0.000000000000000000e+00,-3.029273294517847437e-01,-1.630725374229584357e-01,0.000000000000000000e+00,-6.170088330160857643e-02,-1.195114150005354564e-01
6.000000000000000472e-02,-0.000000000000000000e+00,5.874701106754013497e-02,1.169726987853751538e-01,-0.000000000000000000e+00,3.041216490458135135e-01,1.594266432871475070e-01,0.000000000000000000e+00,-3.041216490457956390e-01,-1.594266432871817019e-01,0.000000000000000000e+00,-5.874701106754146723e-02,-1.169726987853696859e-01
6.166666666666666824e-02,-0.000000000000000000e+00,5.579855498717459228e-02,1.144303445610151682e-01,-0.000000000000000000e+00,3.051985840951674245e-01,1.556434287430255581e-01,0.000000000000000000e+00,-3.051985840951599305e-01,-1.556434287430158991e-01,0.000000000000000000e+00,-5.579855498717201101e-02,-1.144303445610187209e-01
6.333333333333333870e-02,-0.000000000000000000e+00,5.285555452374909174e-02,1.118843865461838644e-01,-0.000000000000000000e+00,3.061510606637279364e-01,1.517250313433845532e-01,0.000000000000000000e+00,-3.061510606637287690e-01,-1.517250313434277409e-01,0.000000000000000000e+00,-5.285555452375094443e-02,-1.118843865461879861e-01
6.500000000000000222e-02,-0.000000000000000000e+00,4.991804918645622452e-02,1.093348591147147164e-01,-0.000000000000000000e+00,3.069720521682871572e-01,1.476736320277716730e-01,0.000000000000000000e+00,-3.069720521682692826e-01,-1.476736320277497461e-01,0.000000000000000000e+00,-4.991804918645700168e-02,-1.093348591147112053e-01
6.666666666666666574e-02,-0.000000000000000000e+00,4.698607852679478891e-02,1.067817967924376416e-01,-0.000000000000000000e+00,3.076546027020157781e-01,1.434914632627446174e-01,0.000000000000000000e+00,-3.076546027020338192e-01,-1.434914632626891062e-01,0.000000000000000000e+00,-4.698607852679147212e-02,-1.067817967924403755e-01
6.833333333333334314e-02,-0.000000000000000000e+00,4.405968213482173296e-02,1.042252342540661014e-01,-0.000000000000000000e+00,3.081918505690274257e-01,1.391808175496679623e-01,0.000000000000000000e+00,-3.081918505689979493e-01,-1.391808175496004885e-01,0.000000000000000000e+00,-4.405968213482132356e-02,-1.042252342540753163e-01
7.000000000000000666e-02,-0.000000000000000000e+00,4.113889963549907658e-02,1.016652063200599865e-01,-0.000000000000000000e+00,3.085770520103098824e-01,1.347440562762284022e-01,0.000000000000000000e+00,-3.085770520102770753e-01,-1.347440562762650951e-01,0.000000000000000000e+00,-4.113889963549899331e-02,-1.016652063200573358e-01
7.166666666666667018e-02,-0.000000000000000000e+00,3.822377068495329960e-02,9.910174795342430176e-02,-0.000000000000000000e+00,3.088036050939803601e-01,1.301836188848921050e-01,0.000000000000000000e+00,-3.088036050939545474e-01,-1.301836188848869424e-01,0.000000000000000000e+00,-3.822377068495001751e-02,-9.910174795341814002e-02
7.333333333333333370e-02,-0.000000000000000000e+00,3.531433496675875222e-02,9.653489425654754319e-02,-0.000000000000000000e+00,3.088650737329786122e-01,1.255020323158140827e-01,0.000000000000000000e+00,-3.088650737329831641e-01,-1.255020323158277940e-01,0.000000000000000000e+00,-3.531433496676381067e-02,-9.653489425655471801e-02
7.500000000000001110e-02,-0.000000000000000000e+00,3.241063218827035936e-02,9.396468046808456598e-02,-0.000000000000000000e+00,3.087552117829076570e-01,1.207019206775122866e-01,0.000000000000000000e+00,-3.087552117829355236e-01,-1.207019206775185316e-01,0.000000000000000000e+00,-3.241063218826749359e-02,-9.396468046808305330e-02
7.666666666666667462e-02,-0.000000000000000000e+00,2.951270207685292163e-02,9.139114195964266607e-02,-0.000000000000000000e+00,3.084679871628410730e-01,1.157860150821940076e-01,0.000000000000000000e+00,-3.084679871628083214e-01,-1.157860150821164863e-01,0.000000000000000000e+00,-2.951270207685206814e-02,-9.139114195963257692e-02
7.833333333333333814e-02,-0.000000000000000000e+00,2.662058437620432386e-02,8.881431423262173275e-02,-0.000000000000000000e+00,3.079976059296485880e-01,1.107571635766506912e-01,0.000000000000000000e+00,-3.079976059296747337e-01,-1.107571635766820689e-01,0.000000000000000000e+00,-2.662058437620591286e-02,-8.881431423262615976e-02
8.000000000000000167e-02,-0.000000000000000000e+00,2.373431884262126867e-02,8.623423291503580501e-02,-0.000000000000000000e+00,3.073385362260813158e-01,1.056183410871017886e-01,0.000000000000000000e+00,-3.073385362261020215e-01,-1.056183410870663586e-01,0.000000000000000000e+00,-2.373431884262076907e-02,-8.623423291503543031e-02
8.166666666666666519e-02,-0.000000000000000000e+00,2.085394524130187999e-02,8.365093375819042387e-02,-0.000000000000000000e+00,3.064855320090215662e-01,1.003726592851377775e-01,0.000000000000000000e+00,-3.064855320090500435e-01,-1.003726592851000438e-01,0.000000000000000000e+00,-2.085394524129876789e-02,-8.365093375819122878e-02
8.333333333333334259e-02,-0.000000000000000000e+00,1.797950334259571306e-02,8.106445263346838404e-02,-0.000000000000000000e+00,3.054336564548670863e-01,9.502337627454998659e-02,0.000000000000000000e+00,-3.054336564549107180e-01,-9.502337627460118175e-02,0.000000000000000000e+00,-1.797950334259434263e-02,-8.106445263346519214e-02
8.500000000000000611e-02,-0.000000000000000000e+00,1.511103291834458087e-02,7.847482552910486908e-02,-0.000000000000000000e+00,3.041783049257504312e-01,8.957390598835812678e-02,0.000000000000000000e+00,-3.041783049257386073e-01,-8.957390598830103356e-02,0.000000000000000000e+00,-1.511103291833760555e-02,-7.847482552910620135e-02
8.666666666666666963e-02,-0.000000000000000000e+00,1.224857373811292366e-02,7.588208854684713733e-02,-0.000000000000000000e+00,3.027152273704241114e-01,8.402782717497019049e-02,0.000000000000000000e+00,-3.027152273704381558e-01,-8.402782717499601706e-02,0.000000000000000000e+00,-1.224857373811527768e-02,-7.588208854685514482e-02
8.833333333333333315e-02,-0.000000000000000000e+00,9.392165565544204411e-03,7.328627789875556686e-02,-0.000000000000000000e+00,3.010405500233755416e-01,7.838889185022900052e-02,0.000000000000000000e+00,-3.010405500233616638e-01,-7.838889185020153638e-02,0.000000000000000000e+00,-9.392165565536738162e-03,-7.328627789876049348e-02
9.000000000000001055e-02,-0.000000000000000000e+00,6.541848154609761039e-03,7.068742990385208647e-02,-0.000000000000000000e+00,2.991507962557924949e-01,7.266103308033078356e-02,0.000000000000000000e+00,-2.991507962558035971e-01,-7.266103308030402719e-02,0.000000000000000000e+00,-6.541848154607358447e-03,-7.068742990385402936e-02
9.166666666666667407e-02,-0.000000000000000000e+00,3.697661245923333437e-03,6.808558098486237886e-02,-0.000000000000000000e+00,2.970429064265981967e-01,6.684837196113682656e-02,0.000000000000000000e+00,-2.970429064266429386e-01,-6.684837196126156011e-02,0.000000000000000000e+00,-3.697661245920808113e-03,-6.808558098485999188e-02
9.333333333333333759e-02,-0.000000000000000000e+00,8.596445630675616633e-04,6.548076766487959111e-02,-0.000000000000000000e+00,2.947142565736670106e-01,6.095522365512226481e-02,0.000000000000000000e+00,-2.947142565736655673e-01,-6.095522365516375246e-02,0.000000000000000000e+00,-8.596445630677453272e-04,-6.548076766489233091e-02
9.500000000000000111e-02,-0.000000000000000000e+00,-1.972162191100585837e-03,6.287302656414958668e-02,-0.000000000000000000e+00,2.921626757831455312e-01,5.498610234531663837e-02,0.000000000000000000e+00,-2.921626757831312093e-01,-5.498610234518915701e-02,0.000000000000000000e+00,1.972162191106808724e-03,-6.287302656414571478e-02
9.666666666666667851e-02,-0.000000000000000000e+00,-4.797719338148085690e-03,6.026239439658379049e-02,-0.000000000000000000e+00,2.893864620728459625e-01,4.894572497178945741e-02,0.000000000000000000e+00,-2.893864620728635040e-01,-4.894572497180868509e-02,0.000000000000000000e+00,4.797719338153489353e-03,-6.026239439658056390e-02
9.833333333333334203e-02,-0.000000000000000000e+00,-7.616987227704512774e-03,5.764890796661678585e-02,-0.000000000000000000e+00,2.863843966268007080e-01,4.283901361662089541e-02,0.000000000000000000e+00,-2.863843966268077579e-01,-4.283901361667157015e-02,0.000000000000000000e+00,7.616987227704124196e-03,-5.764890796661073513e-02
1.000000000000000056e-01,-0.000000000000000000e+00,-1.042992624112906719e-02,5.503260416577757802e-02,-0.000000000000000000e+00,2.831557562213866674e-01,3.667109641172237866e-02,0.000000000000000000e+00,-2.831557562213481427e-01,-3.667109641169744028e-02,0.000000000000000000e+00,1.042992624113460269e-02,-5.503260416577005626e-02
1.016666666666666691e-01,-0.000000000000000000e+00,-1.323649679519400477e-02,5.241351996936736979e-02,-0.000000000000000000e+00,2.797003236915809321e-01,3.044730685467744377e-02,0.000000000000000000e+00,-2.797003236916288382e-01,-3.044730685479478741e-02,0.000000000000000000e+00,1.323649679520035385e-02,-5.241351996937159557e-02
1.033333333333333465e-01,-0.000000000000000000e+00,-1.603665934568693913e-02,4.979169243319916255e-02,-0.000000000000000000e+00,2.760183962948398184e-01,2.417318142884852805e-02,0.000000000000000000e+00,-2.760183962948088987e-01,-2.417318142875976572e-02,0.000000000000000000e+00,1.603665934568600585e-02,-4.979169243320223648e-02
1.050000000000000100e-01,-0.000000000000000000e+00,-1.883037439105120225e-02,4.716715869017359952e-02,-0.000000000000000000e+00,2.721107918418552152e-01,1.785445543814157335e-02,0.000000000000000000e+00,-2.721107918418460003e-01,-1.785445543818606554e-02,0.000000000000000000e+00,1.883037439105444966e-02,-4.716715869017681917e-02
1.066666666666666735e-01,-0.000000000000000000e+00,-2.161760247602834140e-02,4.453995594698100663e-02,-0.000000000000000000e+00,2.679788524834909591e-01,1.149705698886016071e-02,0.000000000000000000e+00,-2.679788524835012287e-01,-1.149705698883879412e-02,0.000000000000000000e+00,2.161760247603032592e-02,-4.453995594699156763e-02
1.083333333333333370e-01,-0.000000000000000000e+00,-2.439830419523979221e-02,4.191012148078029215e-02,-0.000000000000000000e+00,2.636244460565611569e-01,5.107099063419235502e-03,0.000000000000000000e+00,-2.636244460565225767e-01,-5.107099063425459690e-03,0.000000000000000000e+00,2.439830419523775912e-02,-4.191012148077333938e-02
1.100000000000000006e-01,-0.000000000000000000e+00,-2.717244019678029601e-02,3.927769263579958259e-02,-0.000000000000000000e+00,2.590499649179131003e-01,-1.309130338536812661e-03,0.000000000000000000e+00,-2.590499649178961694e-01,1.309130338554729536e-03,0.000000000000000000e+00,2.717244019678016070e-02,-3.927769263578919506e-02
1.116666666666666780e-01,-0.000000000000000000e+00,-2.993997118580542238e-02,3.664270682004577145e-02,-0.000000000000000000e+00,2.542583222179669034e-01,-7.745179999531259449e-03,0.000000000000000000e+00,-2.542583222180370695e-01,7.745179999463260023e-03,0.000000000000000000e+00,2.993997118581265965e-02,-3.664270682004500818e-02
1.133333333333333415e-01,-0.000000000000000000e+00,-3.270085792813000325e-02,3.400520150198452912e-02,-0.000000000000000000e+00,2.492529455914867798e-01,-1.419444920068641154e-02,0.000000000000000000e+00,-2.492529455914749004e-01,1.419444920074720493e-02,0.000000000000000000e+00,3.270085792812746361e-02,-3.400520150198174663e-02
1.150000000000000050e-01,-0.000000000000000000e+00,-3.545506125369581041e-02,3.136521420715088909e-02,-0.000000000000000000e+00,2.440377682721842911e-01,-2.065020331125388270e-02,0.000000000000000000e+00,-2.440377682722177366e-01,2.065020331133697942e-02,0.000000000000000000e+00,3.545506125369238953e-02,-3.136521420714531716e-02
1.166666666666666685e-01,-0.000000000000000000e+00,-3.820254206016773790e-02,2.872278251482228081e-02,-0.000000000000000000e+00,2.386172176676507328e-01,-2.710559117337299137e-02,0.000000000000000000e+00,-2.386172176676271683e-01,2.710559117332870388e-02,0.000000000000000000e+00,3.820254206016085452e-02,-2.872278251482695069e-02
1.183333333333333459e-01,-0.000000000000000000e+00,-4.094326131644244332e-02,2.607794405472145874e-02,-0.000000000000000000e+00,2.329962014587958485e-01,-3.355366418499227538e-02,0.000000000000000000e+00,-2.329962014588268238e-01,3.355366418503762105e-02,0.000000000000000000e+00,4.094326131644251965e-02,-2.607794405472112914e-02
1.200000000000000094e-01,-0.000000000000000000e+00,-4.367718006613818121e-02,2.343073650362441709e-02,-0.000000000000000000e+00,2.271800913214422901e-01,-3.998739695137398104e-02,0.000000000000000000e+00,-2.271800913214557238e-01,3.998739695127558752e-02,0.000000000000000000e+00,4.367718006613997839e-02,-2.343073650363721241e-02
1.216666666666666730e-01,-0.000000000000000000e+00,-4.640425943106261247e-02,2.078119758212348261e-02,-0.000000000000000000e+00,2.211747043943639024e-01,-4.639970935296383603e-02,0.000000000000000000e+00,-2.211747043943944890e-01,4.639970935290493176e-02,0.000000000000000000e+00,4.640425943106572804e-02,-2.078119758212158136e-02
1.233333333333333365e-01,-0.000000000000000000e+00,-4.912446061469322861e-02,1.812936505120506248e-02,-0.000000000000000000e+00,2.149862826480752609e-01,-5.278348985615527456e-02,0.000000000000000000e+00,-2.149862826481213907e-01,5.278348985615270716e-02,0.000000000000000000e+00,4.912446061469440822e-02,-1.812936505119860583e-02
1.250000000000000000e-01,-0.000000000000000000e+00,-5.183774490560491555e-02,1.547527670897760541e-02,-0.000000000000000000e+00,2.086214703346627730e-01,-5.913161986741524018e-02,0.000000000000000000e+00,-2.086214703346727095e-01,5.913161986741537202e-02,0.000000000000000000e+00,5.183774490560693476e-02,-1.547527670897386187e-02
1.266666666666666774e-01,-0.000000000000000000e+00,-5.454407368090724573e-02,1.281897038740912806e-02,-0.000000000000000000e+00,2.020872897225507725e-01,-6.543699891737668473e-02,0.000000000000000000e+00,-2.020872897225526321e-01,6.543699891741733277e-02,0.000000000000000000e+00,5.454407368090777308e-02,-1.281897038740688333e-02
1.283333333333333548e-01,-0.000000000000000000e+00,-5.724340840961162497e-02,1.016048394893768157e-02,-0.000000000000000000e+00,1.953911153427230485e-01,-7.169257044476651242e-02,0.000000000000000000e+00,-1.953911153427429215e-01,7.169257044478413721e-02,0.000000000000000000e+00,5.724340840960814858e-02,-1.016048394893199515e-02
1.300000000000000044e-01,-0.000000000000000000e+00,-5.993571065602129599e-02,7.499855283255640881e-03,-0.000000000000000000e+00,1.885406469878952163e-01,-7.789134793777216514e-02,0.000000000000000000e+00,-1.885406469879070956e-01,7.789134793779156629e-02,0.000000000000000000e+00,5.993571065601812492e-02,-7.499855283250563345e-03
1.316666666666666818e-01,-0.000000000000000000e+00,-6.262094208311227983e-02,4.837122303940250695e-03,-0.000000000000000000e+00,1.815438817229083901e-01,-8.402644118377471105e-02,0.000000000000000000e+00,-1.815438817228669233e-01,8.402644118382764094e-02,0.000000000000000000e+00,6.262094208311370924e-02,-4.837122303943782592e-03
1.333333333333333315e-01,-0.000000000000000000e+00,-6.529906445582318864e-02,2.172322945263815974e-03,-0.000000000000000000e+00,1.744090851716864621e-01,-9.009108237477597703e-02,0.000000000000000000e+00,-1.744090851716914858e-01,9.009108237477875258e-02,0.000000000000000000e+00,6.529906445582409069e-02,-2.172322945252896757e-03
1.350000000000000089e-01,-0.000000000000000000e+00,-6.797003964438806667e-02,-4.945048411758143272e-04,-0.000000000000000000e+00,1.671447623533178217e-01,-9.607865181483435379e-02,0.000000000000000000e+00,-1.671447623533068028e-01,9.607865181483311867e-02,0.000000000000000000e+00,6.797003964438927404e-02,4.945048411790884009e-04
1.366666666666666863e-01,-0.000000000000000000e+00,-7.063382962758751882e-02,-3.163323089609994775e-03,-0.000000000000000000e+00,1.597596283388307836e-01,-1.019827029823214964e-01,0.000000000000000000e+00,-1.597596283388142691e-01,1.019827029823470455e-01,0.000000000000000000e+00,7.063382962758710248e-02,3.163323089598942418e-03
1.383333333333333359e-01,-0.000000000000000000e+00,-7.329039649603591444e-02,-5.834093823397709655e-03,-0.000000000000000000e+00,1.522625789985070088e-01,-1.077969867066185805e-01,0.000000000000000000e+00,-1.522625789984876910e-01,1.077969867066535525e-01,0.000000000000000000e+00,7.329039649603724671e-02,5.834093823396056464e-03
1.400000000000000133e-01,-0.000000000000000000e+00,-7.593970245538868291e-02,-8.506779058285333928e-03,-0.000000000000000000e+00,1.446626621005155933e-01,-1.135154742313079085e-01,0.000000000000000000e+00,-1.446626621005182300e-01,1.135154742312735193e-01,0.000000000000000000e+00,7.593970245538614328e-02,8.506779058286248127e-03
1.416666666666666630e-01,-0.000000000000000000e+00,-7.858170982955639539e-02,-1.118134080562013452e-02,-0.000000000000000000e+00,1.369690490101808655e-01,-1.191323789518460158e-01,0.000000000000000000e+00,-1.369690490101926061e-01,1.191323789518689003e-01,0.000000000000000000e+00,7.858170982956058648e-02,1.118134080561707967e-02
1.433333333333333404e-01,-0.000000000000000000e+00,-8.121638106386450118e-02,-1.385774107548380131e-02,-0.000000000000000000e+00,1.291910072238912077e-01,-1.246421766341634235e-01,0.000000000000000000e+00,-1.291910072238807716e-01,1.246421766341644505e-01,0.000000000000000000e+00,8.121638106386594447e-02,1.385774107549607448e-02
1.450000000000000178e-01,-0.000000000000000000e+00,-8.384367872820580603e-02,-1.653594188003394000e-02,-0.000000000000000000e+00,1.213378739533034212e-01,-1.300396239402306919e-01,0.000000000000000000e+00,-1.213378739533119838e-01,1.300396239402337173e-01,0.000000000000000000e+00,8.384367872820189249e-02,1.653594188001928159e-02
1.466666666666666674e-01,-0.000000000000000000e+00,-8.646356552015087293e-02,-1.921590523651189181e-02,-0.000000000000000000e+00,1.134190309530477281e-01,-1.353197751118023484e-01,0.000000000000000000e+00,-1.134190309530478113e-01,1.353197751118021819e-01,0.000000000000000000e+00,8.646356552014612673e-02,1.921590523651971194e-02
1.483333333333333448e-01,-0.000000000000000000e+00,-8.907600426804129778e-02,-2.189759317059359126e-02,-0.000000000000000000e+00,1.054438807625243668e-01,-1.404779966862767793e-01,0.000000000000000000e+00,-1.054438807625382446e-01,1.404779966862645391e-01,0.000000000000000000e+00,8.907600426803259641e-02,2.189759317057846447e-02
1.500000000000000222e-01,-0.000000000000000000e+00,-9.168095793403914506e-02,-2.458096771937496802e-02,-0.000000000000000000e+00,9.742182450651276637e-02,-1.455099801446131935e-01,0.000000000000000000e+00,-9.742182450652682457e-02,1.455099801446010921e-01,0.000000000000000000e+00,9.168095793403874261e-02,2.458096771937262962e-02
1.516666666666666718e-01,-0.000000000000000000e+00,-9.427838961716450417e-02,-2.726599093464407084e-02,-0.000000000000000000e+00,8.936224137288688307e-02,-1.504117524174668485e-01,0.000000000000000000e+00,-8.936224137289638936e-02,1.504117524174324316e-01,0.000000000000000000e+00,9.427838961716664135e-02,2.726599093464595128e-02
1.533333333333333492e-01,-0.000000000000000000e+00,-9.686826255626268534e-02,-2.995262488588916472e-02,-0.000000000000000000e+00,8.127446985897643361e-02,-1.551796842011338717e-01,0.000000000000000000e+00,-8.127446985897193721e-02,1.551796842012224398e-01,0.000000000000000000e+00,9.686826255627009608e-02,2.995262488590061389e-02
1.549999999999999989e-01,-0.000000000000000000e+00,-9.945054013299510498e-02,-3.264083166350805615e-02,-0.000000000000000000e+00,7.316779085071246913e-02,-1.598104960597777902e-01,0.000000000000000000e+00,-7.316779085071600797e-02,1.598104960598149826e-01,0.000000000000000000e+00,9.945054013299159390e-02,3.264083166350868759e-02
1.566666666666666763e-01,-0.000000000000000000e+00,-1.020251858747156098e-01,-3.533057338176403411e-02,-0.000000000000000000e+00,6.505141257281769895e-02,-1.643012623150660600e-01,0.000000000000000000e+00,-6.505141257279620226e-02,1.643012623151492990e-01,0.000000000000000000e+00,1.020251858747195373e-01,3.533057338176680967e-02
1.583333333333333537e-01,-0.000000000000000000e+00,-1.045921634574459025e-01,-3.802181218193959045e-02,-0.000000000000000000e+00,5.693445742196149434e-02,-1.686494127472755455e-01,0.000000000000000000e+00,-5.693445742194893494e-02,1.686494127472789317e-01,0.000000000000000000e+00,1.045921634574481229e-01,3.802181218193623202e-02
1.600000000000000033e-01,-0.000000000000000000e+00,-1.071514367086457975e-01,-4.071451023537093344e-02,-0.000000000000000000e+00,4.882595067148013529e-02,-1.728527321524418736e-01,0.000000000000000000e+00,-4.882595067148665091e-02,1.728527321523956051e-01,0.000000000000000000e+00,1.071514367086490033e-01,4.071451023536824809e-02
1.616666666666666807e-01,-0.000000000000000000e+00,-1.097029696101085861e-01,-4.340862974642639704e-02,-0.000000000000000000e+00,4.073481101281904021e-02,-1.769093578194720628e-01,0.000000000000000000e+00,-4.073481101282180189e-02,1.769093578195024552e-01,0.000000000000000000e+00,1.097029696101073648e-01,4.340862974642042960e-02
1.633333333333333304e-01,-0.000000000000000000e+00,-1.122467263007019544e-01,-4.610413295556099050e-02,-0.000000000000000000e+00,3.266984287897159445e-02,-1.808177750089408620e-01,0.000000000000000000e+00,-3.266984287898215544e-02,1.808177750089976776e-01,0.000000000000000000e+00,1.122467263006986793e-01,4.610413295557137109e-02
1.650000000000000078e-01,-0.000000000000000000e+00,-1.147826710791447352e-01,-4.880098214227635012e-02,-0.000000000000000000e+00,2.463973047696621510e-02,-1.845768105280478633e-01,0.000000000000000000e+00,-2.463973047697395544e-02,1.845768105280754801e-01,0.000000000000000000e+00,1.147826710791476912e-01,4.880098214226782222e-02
1.666666666666666852e-01,-0.000000000000000000e+00,-1.173107684067262457e-01,-5.149913962801786621e-02,-0.000000000000000000e+00,1.665303343929775207e-02,-1.881856245109654047e-01,0.000000000000000000e+00,-1.665303343930890287e-02,1.881856245109247150e-01,0.000000000000000000e+00,1.173107684067258433e-01,5.149913962801921236e-02
1.683333333333333348e-01,-0.000000000000000000e+00,-1.198309829099714896e-01,-5.419856777923692109e-02,-0.000000000000000000e+00,8.718183991667649915e-03,-1.916437005225666013e-01,0.000000000000000000e+00,-8.718183991668395846e-03,1.916437005225493095e-01,0.000000000000000000e+00,1.198309829099657442e-01,5.419856777923177937e-02
1.700000000000000122e-01,-0.000000000000000000e+00,-1.223432793832874566e-01,-5.689922901016435108e-02,-0.000000000000000000e+00,8.434855226145896714e-04,-1.949508341116158172e-01,0.000000000000000000e+00,-8.434855226113311018e-04,1.949508341116473753e-01,0.000000000000000000e+00,1.223432793832893856e-01,5.689922901016560008e-02
1.716666666666666896e-01,-0.000000000000000000e+00,-1.248476227915885778e-01,-5.960108578581869293e-02,-0.000000000000000000e+00,-6.962887568466465810e-03,-1.981071199446000630e-01,0.000000000000000000e+00,6.962887568485578126e-03,1.981071199446312880e-01,0.000000000000000000e+00,1.248476227915835401e-01,5.960108578582469507e-02
1.733333333333333393e-01,-0.000000000000000000e+00,-1.273439782728205960e-01,-6.230410062477376165e-02,-0.000000000000000000e+00,-1.469288887463660910e-02,-2.011129376564627091e-01,0.000000000000000000e+00,1.469288887464953453e-02,2.011129376564934068e-01,0.000000000000000000e+00,1.273439782728202352e-01,6.230410062476659377e-02
1.750000000000000167e-01,-0.000000000000000000e+00,-1.298323111405188801e-01,-6.500823610202675906e-02,-0.000000000000000000e+00,-2.233859797072177550e-02,-2.039689365543258803e-01,0.000000000000000000e+00,2.233859797071308106e-02,2.039689365542421695e-01,0.000000000000000000e+00,1.298323111405199071e-01,6.500823610202585701e-02
1.766666666666666663e-01,-0.000000000000000000e+00,-1.323125868862925769e-01,-6.771345485184819546e-02,-0.000000000000000000e+00,-2.989221752477492708e-02,-2.066760193114139665e-01,0.000000000000000000e+00,2.989221752476774879e-02,2.066760193114521305e-01,0.000000000000000000e+00,1.323125868862956578e-01,6.771345485183877244e-02
1.783333333333333437e-01,-0.000000000000000000e+00,-1.347847711822444117e-01,-7.041971957049669717e-02,-0.000000000000000000e+00,-3.734606966949505918e-02,-2.092353247878166456e-01,0.000000000000000000e+00,3.734606966951801305e-02,2.092353247878396549e-01,0.000000000000000000e+00,1.347847711822449113e-01,7.041971957048596964e-02
1.800000000000000211e-01,-0.000000000000000000e+00,-1.372488298834301790e-01,-7.312699301904175553e-02,-0.000000000000000000e+00,-4.469259176922096150e-02,-2.116482101081264555e-01,0.000000000000000000e+00,4.469259176920929721e-02,2.116482101080878198e-01,0.000000000000000000e+00,1.372488298834289022e-01,7.312699301903519133e-02
1.816666666666666707e-01,-0.000000000000000000e+00,-1.397047290301407785e-01,-7.583523802602233632e-02,-0.000000000000000000e+00,-5.192433171518061330e-02,-2.139162321268841538e-01,0.000000000000000000e+00,5.192433171516994822e-02,2.139162321268900935e-01,0.000000000000000000e+00,1.397047290301433875e-01,7.583523802602634700e-02
1.833333333333333481e-01,-0.000000000000000000e+00,-1.421524348503245827e-01,-7.854441749023895192e-02,-0.000000000000000000e+00,-5.903394287876829322e-02,-2.160411284046914737e-01,0.000000000000000000e+00,5.903394287874952351e-02,2.160411284046890867e-01,0.000000000000000000e+00,1.421524348503210855e-01,7.854441749022834929e-02
1.850000000000000255e-01,-0.000000000000000000e+00,-1.445919137617684980e-01,-8.125449438331161511e-02,-0.000000000000000000e+00,-6.601417884565140282e-02,-2.180247978127145270e-01,0.000000000000000000e+00,6.601417884567084560e-02,2.180247978127241026e-01,0.000000000000000000e+00,1.445919137617702743e-01,8.125449438332026098e-02
1.866666666666666752e-01,-0.000000000000000000e+00,-1.470231323744261021e-01,-8.396543175245375912e-02,-0.000000000000000000e+00,-7.285788804847152800e-02,-2.198692808772489127e-01,2.220446049250313081e-16,7.285788804848034039e-02,2.198692808772758911e-01,0.000000000000000000e+00,1.470231323744217722e-01,8.396543175244855495e-02
1.883333333333333526e-01,-0.000000000000000000e+00,-1.494460574925404461e-01,-8.667719272293647470e-02,-0.000000000000000000e+00,-7.955800840770387017e-02,-2.215767399702939788e-01,0.000000000000000000e+00,7.955800840769652882e-02,2.215767399703042206e-01,0.000000000000000000e+00,1.494460574925380869e-01,8.667719272293551713e-02
1.900000000000000022e-01,-0.000000000000000000e+00,-1.518606561168477087e-01,-8.938974050079696865e-02,-0.000000000000000000e+00,-8.610756208333819606e-02,-2.231494394430533768e-01,0.000000000000000000e+00,8.610756208335058892e-02,2.231494394430593720e-01,0.000000000000000000e+00,1.518606561168564517e-01,8.938974050080178424e-02
1.916666666666666796e-01,-0.000000000000000000e+00,-1.542668954466734355e-01,-9.210303837532683724e-02,-0.000000000000000000e+00,-9.249965043107361007e-02,-2.245897257940815683e-01,0.000000000000000000e+00,9.249965043108249185e-02,2.245897257940880076e-01,0.000000000000000000e+00,1.542668954466698827e-01,9.210303837534294935e-02
1.933333333333333570e-01,-0.000000000000000000e+00,-1.566647428819578913e-01,-9.481704972162313672e-02,-2.220446049250313081e-16,-9.872744924767434815e-02,-2.259000079557636764e-01,0.000000000000000000e+00,9.872744924766890806e-02,2.259000079557755003e-01,0.000000000000000000e+00,1.566647428819663845e-01,9.481704972163264300e-02
1.950000000000000067e-01,-0.000000000000000000e+00,-1.590541660253466938e-01,-9.753173800302554486e-02,-0.000000000000000000e+00,-1.047842043820889080e-01,-2.270827377750065934e-01,0.000000000000000000e+00,1.047842043820717967e-01,2.270827377749994880e-01,0.000000000000000000e+00,1.590541660253469713e-01,9.753173800302639140e-02
1.966666666666666841e-01,-0.000000000000000000e+00,-1.614351326841039214e-01,-1.002470667735960719e-01,-0.000000000000000000e+00,-1.106632277783675261e-01,-2.281403907580432378e-01,0.000000000000000000e+00,1.106632277783727580e-01,2.281403907580612789e-01,0.000000000000000000e+00,1.614351326841032275e-01,1.002470667736139187e-01
1.983333333333333337e-01,-0.000000000000000000e+00,-1.638076108720657176e-01,-1.029629996806025599e-01,-0.000000000000000000e+00,-1.163578940081356067e-01,-2.290754471413609106e-01,0.000000000000000000e+00,1.163578940081490681e-01,2.290754471413226634e-01,0.000000000000000000e+00,1.638076108720684099e-01,1.029629996806182141e-01
2.000000000000000111e-01,-0.000000000000000000e+00,-1.661715688115656397e-01,-1.056795004667982485e-01,-0.000000000000000000e+00,-1.218616373401797265e-01,-2.298903733439613684e-01,0.000000000000000000e+00,1.218616373401762570e-01,2.298903733439589536e-01,0.000000000000000000e+00,1.661715688115599499e-01,1.056795004667719085e-01
2.016666666666666885e-01,-0.000000000000000000e+00,-1.685269749351676061e-01,-1.083965329727955840e-01,-0.000000000000000000e+00,-1.271679493857739429e-01,-2.305876038495500990e-01,0.000000000000000000e+00,1.271679493857715837e-01,2.305876038495743852e-01,0.000000000000000000e+00,1.685269749351723800e-01,1.083965329727871602e-01
2.033333333333333381e-01,-0.000000000000000000e+00,-1.708737978875918551e-01,-1.111140611395019101e-01,-0.000000000000000000e+00,-1.322703773492862334e-01,-2.311695235605100984e-01,0.000000000000000000e+00,1.322703773492789059e-01,2.311695235605162879e-01,0.000000000000000000e+00,1.708737978876027630e-01,1.111140611395005223e-01
2.050000000000000155e-01,-0.000000000000000000e+00,-1.732120065273694554e-01,-1.138320490102843335e-01,-0.000000000000000000e+00,-1.371625229037746752e-01,-2.316384506583946679e-01,0.000000000000000000e+00,1.371625229037733429e-01,2.316384506583979153e-01,0.000000000000000000e+00,1.732120065273737020e-01,1.138320490102889548e-01
2.066666666666666929e-01,-0.000000000000000000e+00,-1.755415699285672870e-01,-1.165504607332277787e-01,-0.000000000000000000e+00,-1.418380417032193419e-01,-2.319966200010515345e-01,0.000000000000000000e+00,1.418380417032095997e-01,2.319966200010519508e-01,0.000000000000000000e+00,1.755415699285651221e-01,1.165504607332255305e-01
2.083333333333333426e-01,-0.000000000000000000e+00,-1.778624573824469368e-01,-1.192692605633854375e-01,-0.000000000000000000e+00,-1.462906435339305644e-01,-2.322461670778547538e-01,0.000000000000000000e+00,1.462906435339306199e-01,2.322461670778580567e-01,0.000000000000000000e+00,1.778624573824479083e-01,1.192692605633939723e-01
2.100000000000000200e-01,-0.000000000000000000e+00,-1.801746383990741607e-01,-1.219884128649513094e-01,-0.000000000000000000e+00,-1.505140930994777748e-01,-2.323891125405595504e-01,0.000000000000000000e+00,1.505140930994803283e-01,2.323891125405560809e-01,0.000000000000000000e+00,1.801746383990742439e-01,1.219884128649516564e-01
2.116666666666666696e-01,-0.000000000000000000e+00,-1.824780827088672008e-01,-1.247078821133929538e-01,-0.000000000000000000e+00,-1.545022114254386847e-01,-2.324273473199564288e-01,0.000000000000000000e+00,1.545022114254423484e-01,2.324273473199505724e-01,0.000000000000000000e+00,1.824780827088609281e-01,1.247078821133865700e-01
2.133333333333333470e-01,-0.000000000000000000e+00,-1.847727602641087152e-01,-1.274276328975303962e-01,-0.000000000000000000e+00,-1.582488778626779391e-01,-2.323626183334390749e-01,0.000000000000000000e+00,1.582488778626779946e-01,2.323626183334384920e-01,0.000000000000000000e+00,1.847727602641115463e-01,1.274276328975412209e-01
2.150000000000000244e-01,-0.000000000000000000e+00,-1.870586412404260102e-01,-1.301476299216681176e-01,-0.000000000000000000e+00,-1.617480326609766206e-01,-2.321965147826190734e-01,0.000000000000000000e+00,1.617480326609750108e-01,2.321965147826147990e-01,0.000000000000000000e+00,1.870586412404285914e-01,1.301476299216702548e-01
2.166666666666666741e-01,-0.000000000000000000e+00,-1.893356960381943344e-01,-1.328678380075502818e-01,-0.000000000000000000e+00,-1.649936800776907742e-01,-2.319304550346699689e-01,0.000000000000000000e+00,1.649936800776911905e-01,2.319304550346673321e-01,0.000000000000000000e+00,1.893356960381907539e-01,1.328678380075453414e-01
2.183333333333333515e-01,-0.000000000000000000e+00,-1.916038952838765297e-01,-1.355882220963635088e-01,-0.000000000000000000e+00,-1.679798919806552715e-01,-2.315656740758916809e-01,0.000000000000000000e+00,1.679798919806549939e-01,2.315656740758926246e-01,0.000000000000000000e+00,1.916038952838806930e-01,1.355882220963466334e-01
2.200000000000000011e-01,-0.000000000000000000e+00,-1.938632098314011787e-01,-1.383087472506998039e-01,-0.000000000000000000e+00,-1.707008118986024781e-01,-2.311032115208839499e-01,0.000000000000000000e+00,1.707008118986030054e-01,2.311032115208849491e-01,0.000000000000000000e+00,1.938632098314010122e-01,1.383087472507006088e-01
2.216666666666666785e-01,-0.000000000000000000e+00,-1.961136107633785486e-01,-1.410293786565013086e-01,-0.000000000000000000e+00,-1.731506594680918276e-01,-2.305439001561590540e-01,0.000000000000000000e+00,1.731506594680917721e-01,2.305439001561596368e-01,0.000000000000000000e+00,1.961136107633844883e-01,1.410293786565084140e-01
2.233333333333333559e-01,-0.000000000000000000e+00,-1.983550693923551989e-01,-1.437500816249023816e-01,-0.000000000000000000e+00,-1.753237352216558131e-01,-2.298883549925970771e-01,0.000000000000000000e+00,1.753237352216560907e-01,2.298883549925959113e-01,0.000000000000000000e+00,1.983550693923576413e-01,1.437500816249128455e-01
2.250000000000000056e-01,-0.000000000000000000e+00,-2.005875572619696401e-01,-1.464708215940494496e-01,-0.000000000000000000e+00,-1.772144256590382771e-01,-2.291369627974664258e-01,0.000000000000000000e+00,1.772144256590398592e-01,2.291369627974672862e-01,0.000000000000000000e+00,2.005875572619689740e-01,1.464708215940412617e-01
2.266666666666666829e-01,-0.000000000000000000e+00,-2.028110461480808480e-01,-1.491915641308508844e-01,-0.000000000000000000e+00,-1.788172085410890955e-01,-2.282898720734362064e-01,0.000000000000000000e+00,1.788172085410902334e-01,2.282898720734343467e-01,0.000000000000000000e+00,2.028110461480789883e-01,1.491915641308485252e-01
2.283333333333333603e-01,-0.000000000000000000e+00,-2.050255080598506474e-01,-1.519122749328757627e-01,-0.000000000000000000e+00,-1.801266583448276337e-01,-2.273469834494241393e-01,0.000000000000000000e+00,1.801266583448277170e-01,2.273469834494208364e-01,0.000000000000000000e+00,2.050255080598487600e-01,1.519122749328738753e-01
2.300000000000000100e-01,-0.000000000000000000e+00,-2.072309152407359467e-01,-1.546329198299209728e-01,-0.000000000000000000e+00,-1.811374518180499937e-01,-2.263079404464122535e-01,0.000000000000000000e+00,1.811374518180501325e-01,2.263079404464121425e-01,0.000000000000000000e+00,2.072309152407394162e-01,1.546329198299182806e-01
2.316666666666666874e-01,-0.000000000000000000e+00,-2.094272401695250474e-01,-1.573534647857138535e-01,-0.000000000000000000e+00,-1.818443735729747268e-01,-2.251721205803617620e-01,0.000000000000000000e+00,1.818443735729691202e-01,2.251721205803613735e-01,0.000000000000000000e+00,2.094272401695227437e-01,1.573534647857113555e-01
2.333333333333333370e-01,-0.000000000000000000e+00,-2.116144555611910172e-01,-1.600738758995814137e-01,-0.000000000000000000e+00,-1.822423216605926211e-01,-2.239386267643723172e-01,0.000000000000000000e+00,1.822423216605933705e-01,2.239386267643714012e-01,0.000000000000000000e+00,2.116144555611969569e-01,1.600738758995804145e-01
2.350000000000000144e-01,-0.000000000000000000e+00,-2.137925343678530876e-01,-1.627941194080261555e-01,-0.000000000000000000e+00,-1.823263130710912339e-01,-2.226062789734404856e-01,0.000000000000000000e+00,1.823263130710921776e-01,2.226062789734406799e-01,0.000000000000000000e+00,2.137925343678466483e-01,1.627941194080183007e-01
2.366666666666666918e-01,-0.000000000000000000e+00,-2.159614497795012966e-01,-1.655141616862330356e-01,-0.000000000000000000e+00,-1.820914891102275168e-01,-2.211736061372436557e-01,0.000000000000000000e+00,1.820914891102244360e-01,2.211736061372372442e-01,0.000000000000000000e+00,2.159614497795011578e-01,1.655141616862329523e-01
2.383333333333333415e-01,-0.000000000000000000e+00,-2.181211752248770896e-01,-1.682339692496241101e-01,-0.000000000000000000e+00,-1.815331206079660586e-01,-2.196388382298801456e-01,0.000000000000000000e+00,1.815331206079634774e-01,2.196388382298777031e-01,0.000000000000000000e+00,2.181211752248750080e-01,1.682339692496215566e-01
2.400000000000000189e-01,-0.000000000000000000e+00,-2.202716843721289619e-01,-1.709535087552549182e-01,-0.000000000000000000e+00,-1.806466129228829209e-01,-2.179998985301788428e-01,0.000000000000000000e+00,1.806466129228871675e-01,2.179998985301718761e-01,0.000000000000000000e+00,2.202716843721289341e-01,1.709535087552636334e-01
2.416666666666666685e-01,-0.000000000000000000e+00,-2.224129511295231953e-01,-1.736727470033349596e-01,-0.000000000000000000e+00,-1.794275107147211001e-01,-2.162543960318957237e-01,0.000000000000000000e+00,1.794275107147214610e-01,2.162543960319027458e-01,0.000000000000000000e+00,2.224129511295221406e-01,1.736727470033340714e-01
2.433333333333333459e-01,-0.000000000000000000e+00,-2.245449496460618921e-01,-1.763916509384697573e-01,-0.000000000000000000e+00,-1.778715024674582257e-01,-2.143996179906740296e-01,0.000000000000000000e+00,1.778715024674596690e-01,2.143996179906747512e-01,0.000000000000000000e+00,2.245449496460680539e-01,1.763916509384615139e-01
2.450000000000000233e-01,-0.000000000000000000e+00,-2.266676543120966503e-01,-1.791101876510816093e-01,-0.000000000000000000e+00,-1.759744247566410180e-01,-2.124325226025799151e-01,0.000000000000000000e+00,1.759744247566396025e-01,2.124325226025806646e-01,0.000000000000000000e+00,2.266676543120877685e-01,1.791101876510777791e-01
2.466666666666666730e-01,-0.000000000000000000e+00,-2.287810397597724865e-01,-1.818283243787206793e-01,-0.000000000000000000e+00,-1.737322662671569873e-01,-2.103497318192401044e-01,0.000000000000000000e+00,1.737322662671537676e-01,2.103497318192377175e-01,0.000000000000000000e+00,2.287810397597719314e-01,1.818283243787198467e-01
2.483333333333333504e-01,-0.000000000000000000e+00,-2.308850808636297436e-01,-1.845460285072198781e-01,-0.000000000000000000e+00,-1.711411715812936052e-01,-2.081475243148174226e-01,0.000000000000000000e+00,1.711411715812959644e-01,2.081475243148203647e-01,0.000000000000000000e+00,2.308850808636309093e-01,1.845460285072132445e-01
2.500000000000000000e-01,-0.000000000000000000e+00,-2.329797527409156466e-01,-1.872632675719388406e-01,-0.000000000000000000e+00,-1.681974447716651777e-01,-2.058218286325045332e-01,0.000000000000000000e+00,1.681974447716632071e-01,2.058218286325076141e-01,0.000000000000000000e+00,2.329797527409158131e-01,1.872632675719469175e-01
2.516666666666667052e-01,-0.000000000000000000e+00,-2.350648488966925742e-01,-1.898649620814611416e-01,-0.000000000000000000e+00,-1.650782445889283911e-01,-2.034305763230765673e-01,0.000000000000000000e+00,1.650782445889302230e-01,2.034305763230647990e-01,0.000000000000000000e+00,2.350648488966987359e-01,1.898649620814614747e-01
2.533333333333333548e-01,-0.000000000000000000e+00,-2.371434173817302538e-01,-1.922386805141688970e-01,-0.000000000000000000e+00,-1.619631362609206260e-01,-2.010346088395545405e-01,0.000000000000000000e+00,1.619631362609235403e-01,2.010346088395626174e-01,0.000000000000000000e+00,2.371434173817369984e-01,1.922386805141727828e-01
2.550000000000000044e-01,-0.000000000000000000e+00,-2.392198390858833179e-01,-1.943882792306465546e-01,-0.000000000000000000e+00,-1.588521553997507274e-01,-1.986339531640603229e-01,0.000000000000000000e+00,1.588521553997494229e-01,1.986339531640651801e-01,0.000000000000000000e+00,2.392198390858828461e-01,1.943882792306491081e-01
2.566666666666667096e-01,-0.000000000000000000e+00,-2.412978690777187185e-01,-1.963175045407041519e-01,-0.000000000000000000e+00,-1.557453377865539723e-01,-1.962286365305411784e-01,0.000000000000000000e+00,1.557453377865559985e-01,1.962286365305410119e-01,0.000000000000000000e+00,2.412978690777171920e-01,1.963175045407082597e-01
2.583333333333333592e-01,-0.000000000000000000e+00,-2.433806487199123569e-01,-1.980299942430593374e-01,-0.000000000000000000e+00,-1.526427193665506332e-01,-1.938186864216020489e-01,0.000000000000000000e+00,1.526427193665499116e-01,1.938186864215960536e-01,0.000000000000000000e+00,2.433806487199124957e-01,1.980299942430591431e-01
2.600000000000000089e-01,-0.000000000000000000e+00,-2.454707185695422511e-01,-1.995292795693306143e-01,-0.000000000000000000e+00,-1.495443362458531156e-01,-1.914041305660614256e-01,0.000000000000000000e+00,1.495443362458587777e-01,1.914041305660604819e-01,0.000000000000000000e+00,2.454707185695410576e-01,1.995292795693343613e-01
2.616666666666666585e-01,-0.000000000000000000e+00,-2.475700320269739740e-01,-2.008187874891051994e-01,-0.000000000000000000e+00,-1.464502246883113978e-01,-1.889849969366420301e-01,0.000000000000000000e+00,1.464502246883073733e-01,1.889849969366444449e-01,0.000000000000000000e+00,2.475700320269747234e-01,2.008187874891038394e-01
2.633333333333333637e-01,-0.000000000000000000e+00,-2.496799696963813986e-01,-2.019018433356364883e-01,-0.000000000000000000e+00,-1.433604211122447292e-01,-1.865613137475476968e-01,0.000000000000000000e+00,1.433604211122430916e-01,1.865613137475461147e-01,0.000000000000000000e+00,2.496799696963820092e-01,2.019018433356371822e-01
2.650000000000000133e-01,-0.000000000000000000e+00,-2.518013544195691900e-01,-2.027816737133916192e-01,-0.000000000000000000e+00,-1.402749620872656144e-01,-1.841331094520174960e-01,0.000000000000000000e+00,1.402749620872647818e-01,1.841331094520144707e-01,0.000000000000000000e+00,2.518013544195675801e-01,2.027816737133943115e-01
2.666666666666666630e-01,-0.000000000000000000e+00,-2.539344669434214219e-01,-2.034614096498370550e-01,-0.000000000000000000e+00,-1.371938843309829514e-01,-1.817004127398802182e-01,0.000000000000000000e+00,1.371938843309881972e-01,1.817004127398789137e-01,0.000000000000000000e+00,2.539344669434177582e-01,2.034614096498378599e-01
2.683333333333333681e-01,-0.000000000000000000e+00,-2.560790621800829170e-01,-2.039440899555702846e-01,-0.000000000000000000e+00,-1.341172247057489386e-01,-1.792632525350945361e-01,0.000000000000000000e+00,1.341172247057454692e-01,1.792632525351000039e-01,0.000000000000000000e+00,2.560790621800826949e-01,2.039440899555730879e-01
2.700000000000000178e-01,-0.000000000000000000e+00,-2.582343860181618433e-01,-2.042326647589052802e-01,-0.000000000000000000e+00,-1.310450202153238819e-01,-1.768216579931983501e-01,0.000000000000000000e+00,1.310450202153241872e-01,1.768216579932042343e-01,0.000000000000000000e+00,2.582343860181604001e-01,2.042326647589032818e-01
2.716666666666666674e-01,-0.000000000000000000e+00,-2.603991926426363346e-01,-2.043299991830312412e-01,-0.000000000000000000e+00,-1.279773080015869091e-01,-1.743756584988227776e-01,0.000000000000000000e+00,1.279773080015858544e-01,1.743756584988183644e-01,0.000000000000000000e+00,2.603991926426378334e-01,2.043299991830302142e-01
2.733333333333333726e-01,-0.000000000000000000e+00,-2.625717623212250884e-01,-2.042388771367497358e-01,-0.000000000000000000e+00,-1.249141253411815977e-01,-1.719252836630930092e-01,0.000000000000000000e+00,1.249141253411856223e-01,1.719252836630907055e-01,0.000000000000000000e+00,2.625717623212255325e-01,2.042388771367495137e-01
2.750000000000000222e-01,-0.000000000000000000e+00,-2.647499196153813572e-01,-2.039620051926481492e-01,-0.000000000000000000e+00,-1.218555096421454764e-01,-1.694705633210622508e-01,0.000000000000000000e+00,1.218555096421463924e-01,1.694705633210597806e-01,0.000000000000000000e+00,2.647499196153809686e-01,2.039620051926494537e-01
2.766666666666666718e-01,-0.000000000000000000e+00,-2.669310519751350030e-01,-2.035020165302124096e-01,-0.000000000000000000e+00,-1.188014984405331292e-01,-1.670115275291303991e-01,0.000000000000000000e+00,1.188014984405378754e-01,1.670115275291312040e-01,0.000000000000000000e+00,2.669310519751341149e-01,2.035020165302117712e-01
2.783333333333333770e-01,-0.000000000000000000e+00,-2.691121286786052891e-01,-2.028614749251326232e-01,-0.000000000000000000e+00,-1.157521293970333598e-01,-1.645482065623759815e-01,0.000000000000000000e+00,1.157521293970309867e-01,1.645482065623853074e-01,0.000000000000000000e+00,2.691121286786046785e-01,2.028614749251346494e-01
2.800000000000000266e-01,-0.000000000000000000e+00,-2.712897200791081764e-01,-2.020428787703194839e-01,-0.000000000000000000e+00,-1.127074402935054204e-01,-1.620806309119288136e-01,0.000000000000000000e+00,1.127074402935050734e-01,1.620806309119228739e-01,0.000000000000000000e+00,2.712897200791072883e-01,2.020428787703187623e-01
2.816666666666666763e-01,-0.000000000000000000e+00,-2.734600171254377154e-01,-2.010486651185587059e-01,-0.000000000000000000e+00,-1.096674690295833948e-01,-1.596088312822275812e-01,0.000000000000000000e+00,1.096674690295776355e-01,1.596088312822174227e-01,0.000000000000000000e+00,2.734600171254349399e-01,2.010486651185552365e-01
2.833333333333333259e-01,-0.000000000000000000e+00,-2.756188511240001970e-01,-1.998812137414604506e-01,-0.000000000000000000e+00,-1.066322536191945808e-01,-1.571328385883809797e-01,0.000000000000000000e+00,1.066322536191915415e-01,1.571328385883785927e-01,0.000000000000000000e+00,2.756188511239974215e-01,1.998812137414597290e-01
2.850000000000000311e-01,-0.000000000000000000e+00,-2.777617137150295568e-01,-1.985428512040801619e-01,-0.000000000000000000e+00,-1.036018321871038789e-01,-1.546526839534455300e-01,0.000000000000000000e+00,1.036018321871031017e-01,1.546526839534484166e-01,0.000000000000000000e+00,2.777617137150287241e-01,1.985428512040757487e-01
2.866666666666666807e-01,-0.000000000000000000e+00,-2.798837770388349910e-01,-1.970358549592701181e-01,-0.000000000000000000e+00,-1.005762429653983547e-01,-1.521683987056344223e-01,0.000000000000000000e+00,1.005762429653980772e-01,1.521683987056398346e-01,0.000000000000000000e+00,2.798837770388295509e-01,1.970358549592631237e-01
2.883333333333333304e-01,-0.000000000000000000e+00,-2.819799140722448749e-01,-1.953624574706812889e-01,-0.000000000000000000e+00,-9.755552429001698722e-02,-1.496800143755400714e-01,0.000000000000000000e+00,9.755552429001719539e-02,1.496800143755382118e-01,0.000000000000000000e+00,2.819799140722486497e-01,1.953624574706739614e-01
2.900000000000000355e-01,-0.000000000000000000e+00,-2.840447191195107357e-01,-1.935248503774580353e-01,-0.000000000000000000e+00,-9.453971459717515347e-02,-1.471875626933354941e-01,0.000000000000000000e+00,9.453971459718010784e-02,1.471875626933307202e-01,0.000000000000000000e+00,2.840447191195168419e-01,1.935248503774577855e-01
2.916666666666666852e-01,-0.000000000000000000e+00,-2.860725284462689588e-01,-1.915251887181299573e-01,-0.000000000000000000e+00,-9.152885241989307252e-02,-1.446910755860091324e-01,0.000000000000000000e+00,9.152885241989433540e-02,1.446910755860100761e-01,0.000000000000000000e+00,2.860725284462556917e-01,1.915251887181256552e-01
2.933333333333333348e-01,-0.000000000000000000e+00,-2.880574410493550452e-01,-1.893655952345829618e-01,-0.000000000000000000e+00,-8.852297638437585381e-02,-1.421905851744434957e-01,0.000000000000000000e+00,8.852297638437950367e-02,1.421905851744493521e-01,0.000000000000000000e+00,2.880574410493501047e-01,1.893655952345923155e-01
2.950000000000000400e-01,-0.000000000000000000e+00,-2.899933395594277985e-01,-1.870481647807806513e-01,-0.000000000000000000e+00,-8.552212520651181205e-02,-1.396861237706129577e-01,0.000000000000000000e+00,8.552212520651418515e-02,1.396861237706120973e-01,0.000000000000000000e+00,2.899933395594154750e-01,1.870481647807688275e-01
2.966666666666666896e-01,-0.000000000000000000e+00,-2.918739112768880539e-01,-1.845749688625154816e-01,-0.000000000000000000e+00,-8.252633768822817406e-02,-1.371777238746552940e-01,0.000000000000000000e+00,8.252633768823115779e-02,1.371777238746633709e-01,0.000000000000000000e+00,2.918739112768854449e-01,1.845749688625052953e-01
2.983333333333333393e-01,-0.000000000000000000e+00,-2.936926693454948722e-01,-1.819480603378460515e-01,-0.000000000000000000e+00,-7.953565271395653113e-02,-1.346654181719884602e-01,0.000000000000000000e+00,7.953565271396159653e-02,1.346654181720068899e-01,0.000000000000000000e+00,2.936926693455010895e-01,1.819480603378539341e-01
3.000000000000000444e-01,-0.000000000000000000e+00,-2.954429740706489005e-01,-1.791694783079753328e-01,-0.000000000000000000e+00,-7.655010924699309771e-02,-1.321492395304025569e-01,0.000000000000000000e+00,7.655010924698739394e-02,1.321492395303918710e-01,0.000000000000000000e+00,2.954429740706481788e-01,1.791694783079985920e-01
3.016666666666666941e-01,-0.000000000000000000e+00,-2.971180543917720240e-01,-1.762412532293393397e-01,-0.000000000000000000e+00,-7.356974632588572649e-02,-1.296292209969958087e-01,0.000000000000000000e+00,7.356974632588289542e-02,1.296292209969958642e-01,0.000000000000000000e+00,2.971180543917881778e-01,1.762412532293507472e-01
3.033333333333333437e-01,-0.000000000000000000e+00,-2.987110295207556776e-01,-1.731654122769737680e-01,-0.000000000000000000e+00,-7.059460306081274950e-02,-1.271053957953786340e-01,0.000000000000000000e+00,7.059460306081102865e-02,1.271053957953712510e-01,0.000000000000000000e+00,2.987110295207699995e-01,1.731654122770117932e-01
3.049999999999999933e-01,-0.000000000000000000e+00,-3.002149307581802318e-01,-1.699439849893765730e-01,-0.000000000000000000e+00,-6.762471862995135530e-02,-1.245777973225582480e-01,0.000000000000000000e+00,6.762471862995081406e-02,1.245777973225663110e-01,0.000000000000000000e+00,3.002149307581713500e-01,1.699439849893540078e-01
3.066666666666666985e-01,-0.000000000000000000e+00,-3.016227235007300500e-01,-1.665790092202511508e-01,-0.000000000000000000e+00,-6.466013227581647593e-02,-1.220464591459961834e-01,0.000000000000000000e+00,6.466013227582061151e-02,1.220464591460049819e-01,0.000000000000000000e+00,3.016227235007165053e-01,1.665790092201944739e-01
3.083333333333333481e-01,-0.000000000000000000e+00,-3.029273294517600967e-01,-1.630725374229334834e-01,-0.000000000000000000e+00,-6.170088330160915929e-02,-1.195114150005290726e-01,0.000000000000000000e+00,6.170088330160930501e-02,1.195114150005287534e-01,0.000000000000000000e+00,3.029273294517509929e-01,1.630725374229165248e-01
3.099999999999999978e-01,-0.000000000000000000e+00,-3.041216490458134580e-01,-1.594266432871853378e-01,-0.000000000000000000e+00,-5.874701106753823371e-02,-1.169726987853763750e-01,0.000000000000000000e+00,5.874701106753857371e-02,1.169726987853671601e-01,0.000000000000000000e+00,3.041216490457966937e-01,1.594266432871767614e-01
3.116666666666667029e-01,-0.000000000000000000e+00,-3.051985840951482731e-01,-1.556434287430012997e-01,-0.000000000000000000e+00,-5.579855498717585516e-02,-1.144303445610187903e-01,0.000000000000000000e+00,5.579855498717497392e-02,1.144303445610290598e-01,0.000000000000000000e+00,3.051985840951815798e-01,1.556434287430295271e-01
3.133333333333333526e-01,-0.000000000000000000e+00,-3.061510606637381504e-01,-1.517250313433409492e-01,-0.000000000000000000e+00,-5.285555452374317287e-02,-1.118843865461833093e-01,0.000000000000000000e+00,5.285555452374913338e-02,1.118843865461932735e-01,0.000000000000000000e+00,3.061510606637387610e-01,1.517250313433625430e-01
3.150000000000000022e-01,-0.000000000000000000e+00,-3.069720521683000358e-01,-1.476736320277132197e-01,-0.000000000000000000e+00,-4.991804918645618983e-02,-1.093348591147174226e-01,0.000000000000000000e+00,4.991804918645909028e-02,1.093348591147166177e-01,0.000000000000000000e+00,3.069720521682864356e-01,1.476736320277483860e-01
3.166666666666667074e-01,-0.000000000000000000e+00,-3.076546027020429785e-01,-1.434914632627004583e-01,-0.000000000000000000e+00,-4.698607852679064639e-02,-1.067817967924358097e-01,0.000000000000000000e+00,4.698607852679116681e-02,1.067817967924349354e-01,0.000000000000000000e+00,3.076546027020398144e-01,1.434914632627434516e-01
3.183333333333333570e-01,-0.000000000000000000e+00,-3.081918505690270926e-01,-1.391808175495793665e-01,-0.000000000000000000e+00,-4.405968213481991497e-02,-1.042252342540812143e-01,0.000000000000000000e+00,4.405968213482505669e-02,1.042252342540678639e-01,0.000000000000000000e+00,3.081918505690592891e-01,1.391808175496343225e-01
3.200000000000000067e-01,-0.000000000000000000e+00,-3.085770520102691927e-01,-1.347440562762386718e-01,-0.000000000000000000e+00,-4.113889963550090845e-02,-1.016652063200566974e-01,0.000000000000000000e+00,4.113889963549937495e-02,1.016652063200670225e-01,0.000000000000000000e+00,3.085770520103137682e-01,1.347440562762758365e-01
3.216666666666667118e-01,-0.000000000000000000e+00,-3.088036050939703681e-01,-1.301836188848364551e-01,-0.000000000000000000e+00,-3.822377068495312613e-02,-9.910174795342412135e-02,0.000000000000000000e+00,3.822377068495071833e-02,9.910174795341522569e-02,0.000000000000000000e+00,3.088036050939704236e-01,1.301836188848361775e-01
3.233333333333333615e-01,-0.000000000000000000e+00,-3.088650737329786122e-01,-1.255020323157326201e-01,-0.000000000000000000e+00,-3.531433496676148615e-02,-9.653489425654974976e-02,0.000000000000000000e+00,3.531433496675923100e-02,9.653489425655262246e-02,0.000000000000000000e+00,3.088650737330051466e-01,1.255020323157824413e-01
3.250000000000000111e-01,-0.000000000000000000e+00,-3.087552117829177600e-01,-1.207019206774513492e-01,-0.000000000000000000e+00,-3.241063218826648051e-02,-9.396468046807768260e-02,0.000000000000000000e+00,3.241063218827130304e-02,9.396468046807388008e-02,0.000000000000000000e+00,3.087552117829212572e-01,1.207019206774738312e-01
3.266666666666666607e-01,-0.000000000000000000e+00,-3.084679871628435155e-01,-1.157860150821296702e-01,-0.000000000000000000e+00,-2.951270207685415328e-02,-9.139114195963117526e-02,0.000000000000000000e+00,2.951270207685486452e-02,9.139114195964000154e-02,0.000000000000000000e+00,3.084679871627868941e-01,1.157860150821104772e-01
3.283333333333333659e-01,-0.000000000000000000e+00,-3.079976059296737345e-01,-1.107571635766906037e-01,-0.000000000000000000e+00,-2.662058437620690859e-02,-8.881431423262405034e-02,0.000000000000000000e+00,2.662058437620471243e-02,8.881431423262005354e-02,0.000000000000000000e+00,3.079976059296958835e-01,1.107571635766967794e-01
3.300000000000000155e-01,-0.000000000000000000e+00,-3.073385362261036868e-01,-1.056183410870491640e-01,-0.000000000000000000e+00,-2.373431884262705571e-02,-8.623423291504417332e-02,0.000000000000000000e+00,2.373431884262280911e-02,8.623423291503035104e-02,0.000000000000000000e+00,3.073385362261358833e-01,1.056183410871064238e-01
3.316666666666666652e-01,-0.000000000000000000e+00,-3.064855320090993374e-01,-1.003726592852287880e-01,-0.000000000000000000e+00,-2.085394524129721011e-02,-8.365093375819043775e-02,0.000000000000000000e+00,2.085394524129354638e-02,8.365093375819039612e-02,0.000000000000000000e+00,3.064855320090622004e-01,1.003726592851349325e-01
3.333333333333333703e-01,-0.000000000000000000e+00,-3.054336564548691957e-01,-9.502337627453223690e-02,-0.000000000000000000e+00,-1.797950334259432181e-02,-8.106445263347135388e-02,0.000000000000000000e+00,1.797950334259891883e-02,8.106445263347181185e-02,0.000000000000000000e+00,3.054336564548690847e-01,9.502337627453225077e-02
3.350000000000000200e-01,-0.000000000000000000e+00,-3.041783049257294480e-01,-8.957390598831187212e-02,-0.000000000000000000e+00,-1.511103291834469710e-02,-7.847482552909858244e-02,0.000000000000000000e+00,1.511103291833950854e-02,7.847482552910446663e-02,0.000000000000000000e+00,3.041783049257448246e-01,8.957390598831960205e-02
3.366666666666666696e-01,-0.000000000000000000e+00,-3.027152273704208918e-01,-8.402782717499800158e-02,-0.000000000000000000e+00,-1.224857373811173537e-02,-7.588208854684050375e-02,0.000000000000000000e+00,1.224857373811393500e-02,7.588208854685250804e-02,0.000000000000000000e+00,3.027152273704465935e-01,8.402782717497710163e-02
3.383333333333333748e-01,-0.000000000000000000e+00,-3.010405500233953591e-01,-7.838889185032542339e-02,-0.000000000000000000e+00,-9.392165565549061637e-03,-7.328627789875559462e-02,0.000000000000000000e+00,9.392165565544003183e-03,7.328627789875349907e-02,0.000000000000000000e+00,3.010405500233656606e-01,7.838889185023756312e-02
3.400000000000000244e-01,-0.000000000000000000e+00,-2.991507962558141998e-01,-7.266103308031417185e-02,-0.000000000000000000e+00,-6.541848154605169226e-03,-7.068742990384548064e-02,0.000000000000000000e+00,6.541848154608493823e-03,7.068742990384874192e-02,0.000000000000000000e+00,2.991507962557675704e-01,7.266103308021835960e-02
3.416666666666666741e-01,-0.000000000000000000e+00,-2.970429064266225105e-01,-6.684837196119304548e-02,-0.000000000000000000e+00,-3.697661245926889620e-03,-6.808558098486408583e-02,0.000000000000000000e+00,3.697661245925660568e-03,6.808558098486625076e-02,0.000000000000000000e+00,2.970429064265975860e-01,6.684837196114748470e-02
3.433333333333333792e-01,-0.000000000000000000e+00,-2.947142565736674547e-01,-6.095522365510071955e-02,-0.000000000000000000e+00,-8.596445630704768661e-04,-6.548076766489475953e-02,0.000000000000000000e+00,8.596445630690342267e-04,6.548076766488965250e-02,0.000000000000000000e+00,2.947142565736654563e-01,6.095522365516381491e-02
3.450000000000000289e-01,-0.000000000000000000e+00,-2.921626757831565779e-01,-5.498610234528772400e-02,-0.000000000000000000e+00,1.972162191103799412e-03,-6.287302656414066326e-02,0.000000000000000000e+00,-1.972162191105073133e-03,6.287302656414592295e-02,0.000000000000000000e+00,2.921626757831450871e-01,5.498610234533430480e-02
3.466666666666666785e-01,-0.000000000000000000e+00,-2.893864620728749393e-01,-4.894572497174425746e-02,-0.000000000000000000e+00,4.797719338148012831e-03,-6.026239439658570562e-02,0.000000000000000000e+00,-4.797719338151784120e-03,6.026239439658018920e-02,0.000000000000000000e+00,2.893864620728628934e-01,4.894572497185135929e-02
3.483333333333333282e-01,-0.000000000000000000e+00,-2.863843966267903274e-01,-4.283901361656237972e-02,-0.000000000000000000e+00,7.616987227702457994e-03,-5.764890796661240741e-02,0.000000000000000000e+00,-7.616987227706555411e-03,5.764890796661258088e-02,0.000000000000000000e+00,2.863843966267903274e-01,4.283901361660955032e-02
3.500000000000000333e-01,-0.000000000000000000e+00,-2.831557562213727341e-01,-3.667109641171946433e-02,-0.000000000000000000e+00,1.042992624113196938e-02,-5.503260416577045872e-02,0.000000000000000000e+00,-1.042992624113272572e-02,5.503260416576315206e-02,0.000000000000000000e+00,2.831557562213803947e-01,3.667109641178258744e-02
3.516666666666666829e-01,-0.000000000000000000e+00,-2.797003236916283386e-01,-3.044730685477824508e-02,-0.000000000000000000e+00,1.323649679519445753e-02,-5.241351996937281682e-02,0.000000000000000000e+00,-1.323649679519712727e-02,5.241351996936803592e-02,0.000000000000000000e+00,2.797003236916097424e-01,3.044730685471094128e-02
3.533333333333333326e-01,-0.000000000000000000e+00,-2.760183962948025704e-01,-2.417318142875219539e-02,-0.000000000000000000e+00,1.603665934569235493e-02,-4.979169243320416549e-02,0.000000000000000000e+00,-1.603665934568562074e-02,4.979169243320880761e-02,0.000000000000000000e+00,2.760183962948229985e-01,2.417318142885776719e-02
3.550000000000000377e-01,-0.000000000000000000e+00,-2.721107918418844140e-01,-1.785445543816571376e-02,-0.000000000000000000e+00,1.883037439104994284e-02,-4.716715869017933105e-02,0.000000000000000000e+00,-1.883037439104704586e-02,4.716715869018416746e-02,0.000000000000000000e+00,2.721107918418975702e-01,1.785445543820650752e-02
3.566666666666666874e-01,-0.000000000000000000e+00,-2.679788524835219343e-01,-1.149705698892009714e-02,-0.000000000000000000e+00,2.161760247603346230e-02,-4.453995594698832022e-02,0.000000000000000000e+00,-2.161760247602558666e-02,4.453995594699582811e-02,0.000000000000000000e+00,2.679788524834983976e-01,1.149705698888158108e-02
3.583333333333333370e-01,-0.000000000000000000e+00,-2.636244460565291825e-01,-5.107099063352838093e-03,-0.000000000000000000e+00,2.439830419523732891e-02,-4.191012148076920379e-02,0.000000000000000000e+00,-2.439830419523791871e-02,4.191012148077082056e-02,0.000000000000000000e+00,2.636244460565179137e-01,5.107099063426190008e-03
3.600000000000000422e-01,-0.000000000000000000e+00,-2.590499649179439645e-01,1.309130338542290051e-03,-0.000000000000000000e+00,2.717244019678544120e-02,-3.927769263578582276e-02,0.000000000000000000e+00,-2.717244019677625064e-02,3.927769263578127085e-02,0.000000000000000000e+00,2.590499649179268116e-01,-1.309130338560497275e-03
3.616666666666666918e-01,-0.000000000000000000e+00,-2.542583222180062608e-01,7.745179999468027911e-03,-0.000000000000000000e+00,2.993997118581478989e-02,-3.664270682003862439e-02,0.000000000000000000e+00,-2.993997118581382885e-02,3.664270682003799295e-02,0.000000000000000000e+00,2.542583222179889413e-01,-7.745179999494334125e-03
3.633333333333333415e-01,-0.000000000000000000e+00,-2.492529455914612446e-01,1.419444920070580228e-02,-0.000000000000000000e+00,3.270085792812927467e-02,-3.400520150198151764e-02,0.000000000000000000e+00,-3.270085792812711667e-02,3.400520150198822755e-02,0.000000000000000000e+00,2.492529455914662129e-01,-1.419444920077692247e-02
3.650000000000000466e-01,-0.000000000000000000e+00,-2.440377682721797392e-01,2.065020331129492279e-02,-0.000000000000000000e+00,3.545506125369088379e-02,-3.136521420714678127e-02,0.000000000000000000e+00,-3.545506125369117523e-02,3.136521420714499103e-02,0.000000000000000000e+00,2.440377682721913133e-01,-2.065020331129734793e-02
3.666666666666666963e-01,-0.000000000000000000e+00,-2.386172176676553680e-01,2.710559117333202761e-02,-0.000000000000000000e+00,3.820254206016508031e-02,-2.872278251482865419e-02,0.000000000000000000e+00,-3.820254206016449744e-02,2.872278251482759601e-02,0.000000000000000000e+00,2.386172176676402690e-01,-2.710559117344670671e-02
3.683333333333333459e-01,-0.000000000000000000e+00,-2.329962014587967645e-01,3.355366418498742509e-02,-0.000000000000000000e+00,4.094326131644170086e-02,-2.607794405472358204e-02,0.000000000000000000e+00,-4.094326131643672567e-02,2.607794405471744459e-02,0.000000000000000000e+00,2.329962014587763919e-01,-3.355366418504077825e-02
3.700000000000000511e-01,-0.000000000000000000e+00,-2.271800913214387374e-01,3.998739695122188048e-02,-0.000000000000000000e+00,4.367718006614559889e-02,-2.343073650362841390e-02,0.000000000000000000e+00,-4.367718006614221965e-02,2.343073650363185212e-02,0.000000000000000000e+00,2.271800913214560846e-01,-3.998739695127616345e-02
3.716666666666667007e-01,-0.000000000000000000e+00,-2.211747043943863844e-01,4.639970935288741799e-02,-0.000000000000000000e+00,4.640425943106177287e-02,-2.078119758212962007e-02,0.000000000000000000e+00,-4.640425943106079448e-02,2.078119758212684104e-02,0.000000000000000000e+00,2.211747043943981250e-01,-4.639970935280879338e-02
3.733333333333333504e-01,-0.000000000000000000e+00,-2.149862826481294675e-01,5.278348985608623950e-02,-0.000000000000000000e+00,4.912446061469076530e-02,-1.812936505119939687e-02,0.000000000000000000e+00,-4.912446061469789849e-02,1.812936505119437311e-02,0.000000000000000000e+00,2.149862826480979094e-01,-5.278348985614522010e-02
3.750000000000000000e-01,-0.000000000000000000e+00,-2.086214703346332966e-01,5.913161986746545695e-02,-0.000000000000000000e+00,5.183774490561041809e-02,-1.547527670898497971e-02,0.000000000000000000e+00,-5.183774490561689902e-02,1.547527670898200640e-02,0.000000000000000000e+00,2.086214703346637167e-01,-5.913161986735001457e-02
3.766666666666667052e-01,-0.000000000000000000e+00,-2.020872897225538534e-01,6.543699891734362784e-02,-0.000000000000000000e+00,5.454407368091072211e-02,-1.281897038740074588e-02,0.000000000000000000e+00,-5.454407368091106906e-02,1.281897038740725803e-02,0.000000000000000000e+00,2.020872897225355902e-01,-6.543699891741290575e-02
3.783333333333333548e-01,-0.000000000000000000e+00,-1.953911153427240754e-01,7.169257044478694052e-02,-0.000000000000000000e+00,5.724340840960914084e-02,-1.016048394894352586e-02,0.000000000000000000e+00,-5.724340840960905757e-02,1.016048394894391790e-02,0.000000000000000000e+00,1.953911153427066727e-01,-7.169257044481158747e-02
3.800000000000000044e-01,-0.000000000000000000e+00,-1.885406469878969649e-01,7.789134793778521026e-02,-0.000000000000000000e+00,5.993571065602334297e-02,-7.499855283263238102e-03,0.000000000000000000e+00,-5.993571065602205233e-02,7.499855283253014510e-03,0.000000000000000000e+00,1.885406469878986024e-01,-7.789134793782008515e-02
3.816666666666667096e-01,-0.000000000000000000e+00,-1.815438817228761936e-01,8.402644118383791050e-02,-0.000000000000000000e+00,6.262094208311216881e-02,-4.837122303938356377e-03,0.000000000000000000e+00,-6.262094208310957366e-02,4.837122303933036847e-03,0.000000000000000000e+00,1.815438817228921808e-01,-8.402644118381476235e-02
3.833333333333333592e-01,-0.000000000000000000e+00,-1.744090851716950108e-01,9.009108237478827275e-02,-0.000000000000000000e+00,6.529906445582790708e-02,-2.172322945252672978e-03,0.000000000000000000e+00,-6.529906445581991348e-02,2.172322945260321807e-03,0.000000000000000000e+00,1.744090851716806889e-01,-9.009108237477475578e-02
3.850000000000000089e-01,-0.000000000000000000e+00,-1.671447623533060534e-01,9.607865181483091210e-02,-0.000000000000000000e+00,6.797003964438189105e-02,4.945048411714941068e-04,0.000000000000000000e+00,-6.797003964438534662e-02,-4.945048411717342576e-04,0.000000000000000000e+00,1.671447623533184601e-01,-9.607865181480143568e-02
3.866666666666667140e-01,-0.000000000000000000e+00,-1.597596283387965055e-01,1.019827029823456022e-01,-0.000000000000000000e+00,7.063382962758298078e-02,3.163323089603578032e-03,0.000000000000000000e+00,-7.063382962758181505e-02,-3.163323089595550600e-03,0.000000000000000000e+00,1.597596283388063032e-01,-1.019827029823314191e-01
3.883333333333333637e-01,-0.000000000000000000e+00,-1.522625789984896616e-01,1.077969867066421311e-01,-0.000000000000000000e+00,7.329039649603476259e-02,5.834093823392546251e-03,0.000000000000000000e+00,-7.329039649603409645e-02,-5.834093823394437099e-03,0.000000000000000000e+00,1.522625789985156131e-01,-1.077969867066113363e-01
3.900000000000000133e-01,-0.000000000000000000e+00,-1.446626621005450974e-01,1.135154742312959458e-01,-0.000000000000000000e+00,7.593970245538923802e-02,8.506779058287863154e-03,0.000000000000000000e+00,-7.593970245538891883e-02,-8.506779058296559323e-03,0.000000000000000000e+00,1.446626621005503432e-01,-1.135154742312971948e-01
3.916666666666667185e-01,-0.000000000000000000e+00,-1.369690490101733438e-01,1.191323789518755755e-01,-0.000000000000000000e+00,7.858170982955653416e-02,1.118134080561629558e-02,0.000000000000000000e+00,-7.858170982955600681e-02,-1.118134080562106780e-02,0.000000000000000000e+00,1.369690490101956037e-01,-1.191323789518350107e-01
3.933333333333333681e-01,-0.000000000000000000e+00,-1.291910072238862395e-01,1.246421766341407472e-01,-0.000000000000000000e+00,8.121638106386239175e-02,1.385774107548190005e-02,0.000000000000000000e+00,-8.121638106386273870e-02,-1.385774107548362437e-02,0.000000000000000000e+00,1.291910072238885987e-01,-1.246421766341374027e-01
3.950000000000000178e-01,-0.000000000000000000e+00,-1.213378739533032408e-01,1.300396239402303311e-01,-0.000000000000000000e+00,8.384367872820197576e-02,1.653594188003535206e-02,0.000000000000000000e+00,-8.384367872819666057e-02,-1.653594188002109958e-02,0.000000000000000000e+00,1.213378739532973288e-01,-1.300396239402111798e-01
3.966666666666666674e-01,-0.000000000000000000e+00,-1.134190309530487273e-01,1.353197751118362935e-01,-0.000000000000000000e+00,8.646356552014718144e-02,1.921590523652195667e-02,0.000000000000000000e+00,-8.646356552014081154e-02,-1.921590523651146853e-02,0.000000000000000000e+00,1.134190309530255653e-01,-1.353197751118103975e-01
3.983333333333333726e-01,-0.000000000000000000e+00,-1.054438807625053404e-01,1.404779966862697571e-01,-0.000000000000000000e+00,8.907600426803695404e-02,2.189759317057661872e-02,0.000000000000000000e+00,-8.907600426803467808e-02,-2.189759317058580582e-02,0.000000000000000000e+00,1.054438807625252966e-01,-1.404779966862780838e-01
4.000000000000000222e-01,-0.000000000000000000e+00,-9.742182450652117631e-02,1.455099801445781660e-01,-0.000000000000000000e+00,9.168095793404389127e-02,2.458096771936978120e-02,0.000000000000000000e+00,-9.168095793403878424e-02,-2.458096771937262615e-02,0.000000000000000000e+00,9.742182450652277226e-02,-1.455099801445806362e-01
4.016666666666666718e-01,-0.000000000000000000e+00,-8.936224137288670266e-02,1.504117524174668485e-01,-0.000000000000000000e+00,9.427838961716598909e-02,2.726599093462451356e-02,0.000000000000000000e+00,-9.427838961716196453e-02,-2.726599093465220669e-02,0.000000000000000000e+00,8.936224137290971203e-02,-1.504117524174513609e-01
4.033333333333333770e-01,-0.000000000000000000e+00,-8.127446985898145737e-02,1.551796842011952393e-01,-0.000000000000000000e+00,9.686826255626829196e-02,2.995262488590855546e-02,0.000000000000000000e+00,-9.686826255626586335e-02,-2.995262488590147085e-02,0.000000000000000000e+00,8.127446985900420307e-02,-1.551796842011696487e-01
4.050000000000000266e-01,-0.000000000000000000e+00,-7.316779085071715982e-02,1.598104960598014657e-01,-0.000000000000000000e+00,9.945054013299439721e-02,3.264083166350077031e-02,0.000000000000000000e+00,-9.945054013299092777e-02,-3.264083166350545406e-02,0.000000000000000000e+00,7.316779085071353772e-02,-1.598104960598360491e-01
4.066666666666666763e-01,-0.000000000000000000e+00,-6.505141257279319078e-02,1.643012623151696994e-01,-0.000000000000000000e+00,1.020251858747173446e-01,3.533057338175880913e-02,0.000000000000000000e+00,-1.020251858747324436e-01,-3.533057338175824708e-02,0.000000000000000000e+00,6.505141257279400957e-02,-1.643012623151170470e-01
4.083333333333333814e-01,-0.000000000000000000e+00,-5.693445742194072623e-02,1.686494127473057991e-01,-0.000000000000000000e+00,1.045921634574420722e-01,3.802181218193003559e-02,0.000000000000000000e+00,-1.045921634574486642e-01,-3.802181218194853468e-02,0.000000000000000000e+00,5.693445742196092535e-02,-1.686494127473002202e-01
4.100000000000000311e-01,-0.000000000000000000e+00,-4.882595067147687401e-02,1.728527321524530591e-01,-0.000000000000000000e+00,1.071514367086450481e-01,4.071451023535891528e-02,0.000000000000000000e+00,-1.071514367086418146e-01,-4.071451023536322433e-02,0.000000000000000000e+00,4.882595067149946011e-02,-1.728527321524018778e-01
4.116666666666666807e-01,-0.000000000000000000e+00,-4.073481101280938127e-02,1.769093578195039540e-01,-0.000000000000000000e+00,1.097029696101049084e-01,4.340862974642740318e-02,0.000000000000000000e+00,-1.097029696101060325e-01,-4.340862974642125532e-02,0.000000000000000000e+00,4.073481101277381944e-02,-1.769093578194788630e-01
4.133333333333333859e-01,-0.000000000000000000e+00,-3.266984287895231126e-02,1.808177750090044500e-01,-0.000000000000000000e+00,1.122467263007038696e-01,4.610413295556869268e-02,0.000000000000000000e+00,-1.122467263007044802e-01,-4.610413295556015784e-02,0.000000000000000000e+00,3.266984287897448103e-02,-1.808177750089854374e-01
4.150000000000000355e-01,-0.000000000000000000e+00,-2.463973047697172805e-02,1.845768105280586879e-01,-0.000000000000000000e+00,1.147826710791459009e-01,4.880098214225978004e-02,0.000000000000000000e+00,-1.147826710791435417e-01,-4.880098214226935571e-02,0.000000000000000000e+00,2.463973047698303151e-02,-1.845768105280424509e-01
4.166666666666666852e-01,-0.000000000000000000e+00,-1.665303343932198615e-02,1.881856245109483905e-01,-0.000000000000000000e+00,1.173107684067186129e-01,5.149913962801328654e-02,0.000000000000000000e+00,-1.173107684067191403e-01,-5.149913962801831030e-02,0.000000000000000000e+00,1.665303343931265681e-02,-1.881856245109266579e-01
4.183333333333333348e-01,-0.000000000000000000e+00,-8.718183991702075503e-03,1.916437005225591905e-01,-0.000000000000000000e+00,1.198309829099652307e-01,5.419856777923693497e-02,0.000000000000000000e+00,-1.198309829099637874e-01,-5.419856777922597846e-02,0.000000000000000000e+00,8.718183991682677825e-03,-1.916437005225490875e-01
4.200000000000000400e-01,-0.000000000000000000e+00,-8.434855226203535070e-04,1.949508341116474308e-01,-0.000000000000000000e+00,1.223432793832843479e-01,5.689922901017409329e-02,0.000000000000000000e+00,-1.223432793832885668e-01,-5.689922901016421924e-02,0.000000000000000000e+00,8.434855225841859320e-04,-1.949508341116111820e-01
4.216666666666666896e-01,-0.000000000000000000e+00,6.962887568474640694e-03,1.981071199446463038e-01,-0.000000000000000000e+00,1.248476227915863573e-01,5.960108578582797023e-02,0.000000000000000000e+00,-1.248476227915854136e-01,-5.960108578581393285e-02,0.000000000000000000e+00,-6.962887568453130990e-03,-1.981071199446491904e-01
4.233333333333333393e-01,-0.000000000000000000e+00,1.469288887466948211e-02,2.011129376565701787e-01,-0.000000000000000000e+00,1.273439782728171543e-01,6.230410062476506722e-02,0.000000000000000000e+00,-1.273439782728174319e-01,-6.230410062475946059e-02,0.000000000000000000e+00,-1.469288887465572402e-02,-2.011129376564989302e-01
4.250000000000000444e-01,-0.000000000000000000e+00,2.233859797070908773e-02,2.039689365542531607e-01,-0.000000000000000000e+00,1.298323111405209618e-01,6.500823610203206038e-02,0.000000000000000000e+00,-1.298323111405269292e-01,-6.500823610202734193e-02,0.000000000000000000e+00,-2.233859797074073950e-02,-2.039689365542285970e-01
4.266666666666666941e-01,-0.000000000000000000e+00,2.989221752476212135e-02,2.066760193114384192e-01,-0.000000000000000000e+00,1.323125868862900789e-01,6.771345485184086799e-02,0.000000000000000000e+00,-1.323125868862908561e-01,-6.771345485184801505e-02,0.000000000000000000e+00,-2.989221752475617125e-02,-2.066760193114333122e-01
4.283333333333333437e-01,-0.000000000000000000e+00,3.734606966949757800e-02,2.092353247878788181e-01,-0.000000000000000000e+00,1.347847711822481309e-01,7.041971957049537878e-02,0.000000000000000000e+00,-1.347847711822534877e-01,-7.041971957049594777e-02,0.000000000000000000e+00,-3.734606966950387852e-02,-2.092353247878749600e-01
4.300000000000000488e-01,-0.000000000000000000e+00,4.469259176920184484e-02,2.116482101081204881e-01,-0.000000000000000000e+00,1.372488298834294296e-01,7.312699301904750093e-02,0.000000000000000000e+00,-1.372488298834261822e-01,-7.312699301903753668e-02,0.000000000000000000e+00,-4.469259176921141358e-02,-2.116482101080778555e-01
4.316666666666666985e-01,-0.000000000000000000e+00,5.192433171518182761e-02,2.139162321268558709e-01,-0.000000000000000000e+00,1.397047290301453859e-01,7.583523802603617248e-02,0.000000000000000000e+00,-1.397047290301380862e-01,-7.583523802603348019e-02,0.000000000000000000e+00,-5.192433171519040408e-02,-2.139162321268262834e-01
4.333333333333333481e-01,-0.000000000000000000e+00,5.903394287877218594e-02,2.160411284047308589e-01,-0.000000000000000000e+00,1.421524348503197532e-01,7.854441749023305386e-02,0.000000000000000000e+00,-1.421524348503246660e-01,-7.854441749023345631e-02,0.000000000000000000e+00,-5.903394287876674584e-02,-2.160411284047118463e-01
4.350000000000000533e-01,-0.000000000000000000e+00,6.601417884565462246e-02,2.180247978127125841e-01,-0.000000000000000000e+00,1.445919137617672212e-01,8.125449438332299490e-02,0.000000000000000000e+00,-1.445919137617716066e-01,-8.125449438331477925e-02,0.000000000000000000e+00,-6.601417884565652372e-02,-2.180247978127556052e-01
4.366666666666667029e-01,-0.000000000000000000e+00,7.285788804847628808e-02,2.198692808772853557e-01,-0.000000000000000000e+00,1.470231323744201068e-01,8.396543175246011514e-02,0.000000000000000000e+00,-1.470231323744235763e-01,-8.396543175244378099e-02,0.000000000000000000e+00,-7.285788804845934330e-02,-2.198692808773183849e-01
4.383333333333333526e-01,-0.000000000000000000e+00,7.955800840770664573e-02,2.215767399702922025e-01,-0.000000000000000000e+00,1.494460574925420004e-01,8.667719272292569166e-02,0.000000000000000000e+00,-1.494460574925454144e-01,-8.667719272293658572e-02,0.000000000000000000e+00,-7.955800840771302951e-02,-2.215767399703247043e-01
4.400000000000000022e-01,-0.000000000000000000e+00,8.610756208336010908e-02,2.231494394430539874e-01,-0.000000000000000000e+00,1.518606561168548974e-01,8.938974050079932787e-02,0.000000000000000000e+00,-1.518606561168537317e-01,-8.938974050079148692e-02,0.000000000000000000e+00,-8.610756208334888195e-02,-2.231494394430538486e-01
4.416666666666667074e-01,-0.000000000000000000e+00,9.249965043106785079e-02,2.245897257941056324e-01,-0.000000000000000000e+00,1.542668954466737408e-01,9.210303837533437288e-02,0.000000000000000000e+00,-1.542668954466790976e-01,-9.210303837533262428e-02,0.000000000000000000e+00,-9.249965043107379048e-02,-2.245897257941004144e-01
4.433333333333333570e-01,-0.000000000000000000e+00,9.872744924766831132e-02,2.259000079557517138e-01,-0.000000000000000000e+00,1.566647428819624432e-01,9.481704972162929845e-02,0.000000000000000000e+00,-1.566647428819664956e-01,-9.481704972162792455e-02,2.220446049250313081e-16,-9.872744924766231611e-02,-2.259000079557837160e-01
4.450000000000000067e-01,-0.000000000000000000e+00,1.047842043820759045e-01,2.270827377750375964e-01,-0.000000000000000000e+00,1.590541660253481648e-01,9.753173800303434338e-02,0.000000000000000000e+00,-1.590541660253544098e-01,-9.753173800302721019e-02,0.000000000000000000e+00,-1.047842043820872288e-01,-2.270827377750123943e-01
4.466666666666667118e-01,-0.000000000000000000e+00,1.106632277783703433e-01,2.281403907580203116e-01,-0.000000000000000000e+00,1.614351326841082790e-01,1.002470667736132803e-01,0.000000000000000000e+00,-1.614351326841057255e-01,-1.002470667735982229e-01,0.000000000000000000e+00,-1.106632277783703294e-01,-2.281403907580483170e-01
4.483333333333333615e-01,-0.000000000000000000e+00,1.163578940081532731e-01,2.290754471413355142e-01,-0.000000000000000000e+00,1.638076108720764312e-01,1.029629996806000619e-01,0.000000000000000000e+00,-1.638076108720782353e-01,-1.029629996806027958e-01,0.000000000000000000e+00,-1.163578940081442109e-01,-2.290754471413366522e-01
4.500000000000000111e-01,-0.000000000000000000e+00,1.218616373401744807e-01,2.298903733439618680e-01,-0.000000000000000000e+00,1.661715688115627532e-01,1.056795004667682308e-01,0.000000000000000000e+00,-1.661715688115577294e-01,-1.056795004667690913e-01,0.000000000000000000e+00,-1.218616373401762570e-01,-2.298903733439576214e-01
4.516666666666667163e-01,-0.000000000000000000e+00,1.271679493857728049e-01,2.305876038495842661e-01,-0.000000000000000000e+00,1.685269749351739899e-01,1.083965329727900745e-01,0.000000000000000000e+00,-1.685269749351678836e-01,-1.083965329727961807e-01,0.000000000000000000e+00,-1.271679493857770515e-01,-2.305876038495979774e-01
4.533333333333333659e-01,-0.000000000000000000e+00,1.322703773492897306e-01,2.311695235605220611e-01,-0.000000000000000000e+00,1.708737978876025132e-01,1.111140611395013966e-01,0.000000000000000000e+00,-1.708737978875966290e-01,-1.111140611395077665e-01,0.000000000000000000e+00,-1.322703773492859280e-01,-2.311695235605211451e-01
4.550000000000000155e-01,-0.000000000000000000e+00,1.371625229037715388e-01,2.316384506583892278e-01,-0.000000000000000000e+00,1.732120065273749510e-01,1.138320490102834454e-01,0.000000000000000000e+00,-1.732120065273695109e-01,-1.138320490102841254e-01,0.000000000000000000e+00,-1.371625229037637395e-01,-2.316384506584046599e-01
4.566666666666667207e-01,-0.000000000000000000e+00,1.418380417032107654e-01,2.319966200010397661e-01,-0.000000000000000000e+00,1.755415699285671483e-01,1.165504607332132209e-01,0.000000000000000000e+00,-1.755415699285693409e-01,-1.165504607332168013e-01,0.000000000000000000e+00,-1.418380417032090168e-01,-2.319966200010545598e-01
4.583333333333333703e-01,-0.000000000000000000e+00,1.462906435339286215e-01,2.322461670778486198e-01,-0.000000000000000000e+00,1.778624573824469091e-01,1.192692605633853958e-01,0.000000000000000000e+00,-1.778624573824450772e-01,-1.192692605633837027e-01,0.000000000000000000e+00,-1.462906435339264011e-01,-2.322461670778587228e-01
4.600000000000000200e-01,-0.000000000000000000e+00,1.505140930994815218e-01,2.323891125405586622e-01,-0.000000000000000000e+00,1.801746383990739386e-01,1.219884128649437877e-01,0.000000000000000000e+00,-1.801746383990616984e-01,-1.219884128649506710e-01,0.000000000000000000e+00,-1.505140930994858794e-01,-2.323891125405601610e-01
4.616666666666666696e-01,-0.000000000000000000e+00,1.545022114254419321e-01,2.324273473199527651e-01,-0.000000000000000000e+00,1.824780827088564594e-01,1.247078821133943138e-01,0.000000000000000000e+00,-1.824780827088685609e-01,-1.247078821133879162e-01,0.000000000000000000e+00,-1.545022114254350765e-01,-2.324273473199576778e-01
4.633333333333333748e-01,-0.000000000000000000e+00,1.582488778626796322e-01,2.323626183334418227e-01,-0.000000000000000000e+00,1.847727602641091038e-01,1.274276328975378347e-01,0.000000000000000000e+00,-1.847727602641116018e-01,-1.274276328975409434e-01,0.000000000000000000e+00,-1.582488778626806314e-01,-2.323626183334380202e-01
4.650000000000000244e-01,-0.000000000000000000e+00,1.617480326609751495e-01,2.321965147826149933e-01,-0.000000000000000000e+00,1.870586412404374732e-01,1.301476299216886567e-01,0.000000000000000000e+00,-1.870586412404275090e-01,-1.301476299216839938e-01,0.000000000000000000e+00,-1.617480326609722630e-01,-2.321965147826187126e-01
4.666666666666666741e-01,-0.000000000000000000e+00,1.649936800776910240e-01,2.319304550346701077e-01,-0.000000000000000000e+00,1.893356960381905041e-01,1.328678380075450915e-01,0.000000000000000000e+00,-1.893356960381925025e-01,-1.328678380075476451e-01,0.000000000000000000e+00,-1.649936800776928281e-01,-2.319304550346686089e-01
4.683333333333333792e-01,-0.000000000000000000e+00,1.679798919806551605e-01,2.315656740758928467e-01,-0.000000000000000000e+00,1.916038952838790277e-01,1.355882220963520457e-01,0.000000000000000000e+00,-1.916038952838846343e-01,-1.355882220963516016e-01,0.000000000000000000e+00,-1.679798919806538005e-01,-2.315656740758925136e-01
4.700000000000000289e-01,-0.000000000000000000e+00,1.707008118986037826e-01,2.311032115208852544e-01,-0.000000000000000000e+00,1.938632098314014562e-01,1.383087472507004978e-01,0.000000000000000000e+00,-1.938632098314040098e-01,-1.383087472506886462e-01,0.000000000000000000e+00,-1.707008118986024781e-01,-2.311032115208835891e-01
4.716666666666666785e-01,-0.000000000000000000e+00,1.731506594680921329e-01,2.305439001561593870e-01,-0.000000000000000000e+00,1.961136107633837111e-01,1.410293786565222085e-01,0.000000000000000000e+00,-1.961136107633845993e-01,-1.410293786565085528e-01,0.000000000000000000e+00,-1.731506594680913003e-01,-2.305439001561567502e-01
4.733333333333333837e-01,-0.000000000000000000e+00,1.753237352216568123e-01,2.298883549925944403e-01,-0.000000000000000000e+00,1.983550693923496477e-01,1.437500816249110691e-01,0.000000000000000000e+00,-1.983550693923591124e-01,-1.437500816249072944e-01,0.000000000000000000e+00,-1.753237352216561740e-01,-2.298883549925958281e-01
4.750000000000000333e-01,-0.000000000000000000e+00,1.772144256590391931e-01,2.291369627974681189e-01,-0.000000000000000000e+00,2.005875572619667535e-01,1.464708215940387637e-01,0.000000000000000000e+00,-2.005875572619737757e-01,-1.464708215940546954e-01,0.000000000000000000e+00,-1.772144256590372779e-01,-2.291369627974653989e-01
4.766666666666666829e-01,-0.000000000000000000e+00,1.788172085410897616e-01,2.282898720734369002e-01,-0.000000000000000000e+00,2.028110461480865656e-01,1.491915641308508289e-01,0.000000000000000000e+00,-2.028110461480867877e-01,-1.491915641308505236e-01,0.000000000000000000e+00,-1.788172085410903722e-01,-2.282898720734357068e-01
4.783333333333333881e-01,-0.000000000000000000e+00,1.801266583448278003e-01,2.273469834494233066e-01,-0.000000000000000000e+00,2.050255080598454571e-01,1.519122749328854216e-01,0.000000000000000000e+00,-2.050255080598459012e-01,-1.519122749328936650e-01,0.000000000000000000e+00,-1.801266583448278003e-01,-2.273469834494231956e-01
4.800000000000000377e-01,-0.000000000000000000e+00,1.811374518180519921e-01,2.263079404464120592e-01,-0.000000000000000000e+00,2.072309152407315891e-01,1.546329198299158936e-01,0.000000000000000000e+00,-2.072309152407357524e-01,-1.546329198299211394e-01,0.000000000000000000e+00,-1.811374518180512150e-01,-2.263079404464108657e-01
4.816666666666666874e-01,-0.000000000000000000e+00,1.818443735729698973e-01,2.251721205803617620e-01,-0.000000000000000000e+00,2.094272401695190799e-01,1.573534647857147417e-01,0.000000000000000000e+00,-2.094272401695249919e-01,-1.573534647857136037e-01,0.000000000000000000e+00,-1.818443735729706745e-01,-2.251721205803602077e-01
4.833333333333333370e-01,-0.000000000000000000e+00,1.822423216605927043e-01,2.239386267643784234e-01,-0.000000000000000000e+00,2.116144555611984002e-01,1.600738758995746691e-01,0.000000000000000000e+00,-2.116144555611893519e-01,-1.600738758995785826e-01,0.000000000000000000e+00,-1.822423216605920659e-01,-2.239386267643723449e-01
4.850000000000000422e-01,-0.000000000000000000e+00,1.823263130710895685e-01,2.226062789734381264e-01,-0.000000000000000000e+00,2.137925343678427348e-01,1.627941194080217979e-01,0.000000000000000000e+00,-2.137925343678449552e-01,-1.627941194080243514e-01,0.000000000000000000e+00,-1.823263130710910118e-01,-2.226062789734399305e-01
4.866666666666666918e-01,-0.000000000000000000e+00,1.820914891102257405e-01,2.211736061372386042e-01,-0.000000000000000000e+00,2.159614497795050436e-01,1.655141616862383924e-01,0.000000000000000000e+00,-2.159614497795088184e-01,-1.655141616862267906e-01,0.000000000000000000e+00,-1.820914891102252131e-01,-2.211736061372366891e-01
4.883333333333333415e-01,-0.000000000000000000e+00,1.815331206079635606e-01,2.196388382298796460e-01,-0.000000000000000000e+00,2.181211752248783942e-01,1.682339692496182537e-01,0.000000000000000000e+00,-2.181211752248723990e-01,-1.682339692496190031e-01,0.000000000000000000e+00,-1.815331206079662529e-01,-2.196388382298836428e-01
4.900000000000000466e-01,-0.000000000000000000e+00,1.806466129228828932e-01,2.179998985301750125e-01,-0.000000000000000000e+00,2.202716843721230222e-01,1.709535087552633559e-01,0.000000000000000000e+00,-2.202716843721211626e-01,-1.709535087552530308e-01,0.000000000000000000e+00,-1.806466129228835038e-01,-2.179998985301796477e-01
4.916666666666666963e-01,-0.000000000000000000e+00,1.794275107147217940e-01,2.162543960318991931e-01,-0.000000000000000000e+00,2.224129511295232509e-01,1.736727470033270770e-01,0.000000000000000000e+00,-2.224129511295176165e-01,-1.736727470033279097e-01,0.000000000000000000e+00,-1.794275107147226545e-01,-2.162543960319043834e-01
4.933333333333333459e-01,-0.000000000000000000e+00,1.778715024674604461e-01,2.143996179906781929e-01,-0.000000000000000000e+00,2.245449496460575900e-01,1.763916509384481912e-01,0.000000000000000000e+00,-2.245449496460612537e-01,-1.763916509384605980e-01,0.000000000000000000e+00,-1.778715024674596967e-01,-2.143996179906749178e-01
4.950000000000000511e-01,-0.000000000000000000e+00,1.759744247566417119e-01,2.124325226025824409e-01,-0.000000000000000000e+00,2.266676543120928200e-01,1.791101876510925728e-01,0.000000000000000000e+00,-2.266676543120859644e-01,-1.791101876510835522e-01,0.000000000000000000e+00,-1.759744247566364106e-01,-2.124325226025885749e-01
4.966666666666667007e-01,-0.000000000000000000e+00,1.737322662671538231e-01,2.103497318192426579e-01,-0.000000000000000000e+00,2.287810397597746515e-01,1.818283243787321701e-01,0.000000000000000000e+00,-2.287810397597776768e-01,-1.818283243787278403e-01,0.000000000000000000e+00,-1.737322662671542117e-01,-2.103497318192430743e-01
4.983333333333333504e-01,-0.000000000000000000e+00,1.711411715812966583e-01,2.081475243148224741e-01,-0.000000000000000000e+00,2.308850808636255525e-01,1.845460285072070272e-01,0.000000000000000000e+00,-2.308850808636337404e-01,-1.845460285072173801e-01,0.000000000000000000e+00,-1.711411715812923562e-01,-2.081475243148153687e-01
